date,day_of_year,day_of_month,day_of_week,week_of_year,week_of_month,month_of_year,day_of_year_sin,day_of_year_cos,day_of_month_sin,day_of_month_cos,day_of_week_sin,day_of_week_cos,week_of_year_sin,week_of_year_cos,week_of_month_sin,week_of_month_cos,month_of_year_sin,month_of_year_cos
2023-11-17,321,17,5,46,3,11,-0.6870527672236675,0.7266075247685652,-0.2993631229733582,-0.9541392564000488,-0.9749279121818236,-0.2225209339563146,-0.6631226582407955,0.7485107481711007,-0.587785252292473,-0.8090169943749475,-0.5000000000000004,0.8660254037844384
2023-11-18,322,18,6,46,3,11,-0.6744436188329457,0.7383263540031063,-0.4853019625310808,-0.8743466161445822,-0.7818314824680299,0.6234898018587334,-0.6631226582407955,0.7485107481711007,-0.587785252292473,-0.8090169943749475,-0.5000000000000004,0.8660254037844384
2023-11-19,323,19,7,46,3,11,-0.661634618242279,0.749826401204568,-0.651372482722222,-0.7587581226927911,-2.4492935982947064e-16,1.0,-0.6631226582407955,0.7485107481711007,-0.587785252292473,-0.8090169943749475,-0.5000000000000004,0.8660254037844384
2023-11-20,324,20,1,47,3,11,-0.6486295610349818,0.7611042586607742,-0.7907757369376986,-0.6121059825476627,0.7818314824680298,0.6234898018587336,-0.5680647467311559,0.8229838658936564,-0.587785252292473,-0.8090169943749475,-0.5000000000000004,0.8660254037844384
2023-11-21,325,21,2,47,3,11,-0.6354323008901775,0.7721565844991641,-0.8978045395707417,-0.44039415155763423,0.9749279121818236,-0.22252093395631434,-0.5680647467311559,0.8229838658936564,-0.587785252292473,-0.8090169943749475,-0.5000000000000004,0.8660254037844384
2023-11-22,326,22,3,47,4,11,-0.622046748440868,0.7829801036770624,-0.9680771188662041,-0.2506525322587213,0.43388373911755823,-0.900968867902419,-0.5680647467311559,0.8229838658936564,-0.9510565162951536,0.30901699437494723,-0.5000000000000004,0.8660254037844384
2023-11-23,327,23,4,47,4,11,-0.6084768701151264,0.7935716089521472,-0.9987165071710528,-0.05064916883871355,-0.433883739117558,-0.9009688679024191,-0.5680647467311559,0.8229838658936564,-0.9510565162951536,0.30901699437494723,-0.5000000000000004,0.8660254037844384
2023-11-24,328,24,5,47,4,11,-0.594726686960764,0.8039279618328208,-0.9884683243281114,0.15142777750457667,-0.9749279121818236,-0.2225209339563146,-0.5680647467311559,0.8229838658936564,-0.9510565162951536,0.30901699437494723,-0.5000000000000004,0.8660254037844384
2023-11-25,329,25,6,47,4,11,-0.5808002734538013,0.8140460935082175,-0.9377521321470804,0.3473052528448203,-0.7818314824680299,0.6234898018587334,-0.5680647467311559,0.8229838658936564,-0.9510565162951536,0.30901699437494723,-0.5000000000000004,0.8660254037844384
2023-11-26,330,26,7,47,4,11,-0.5667017562911184,0.8239230057575536,-0.848644257494751,0.5289640103269624,-2.4492935982947064e-16,1.0,-0.5680647467311559,0.8229838658936564,-0.9510565162951536,0.30901699437494723,-0.5000000000000004,0.8660254037844384
2023-11-27,331,27,1,48,4,11,-0.5524353131676203,0.8335557718385695,-0.72479278722912,0.6889669190756865,0.7818314824680298,0.6234898018587336,-0.4647231720437684,0.88545602565321,-0.9510565162951536,0.30901699437494723,-0.5000000000000004,0.8660254037844384
2023-11-28,332,28,2,48,4,11,-0.5380051715382992,0.8429415373547832,-0.5712682150947924,0.8207634412072763,0.9749279121818236,-0.22252093395631434,-0.4647231720437684,0.88545602565321,-0.9510565162951536,0.30901699437494723,-0.5000000000000004,0.8660254037844384
2023-11-29,333,29,3,48,5,11,-0.5234156073655503,0.8520775211013093,-0.3943558551133187,0.9189578116202306,0.43388373911755823,-0.900968867902419,-0.4647231720437684,0.88545602565321,-2.4492935982947064e-16,1.0,-0.5000000000000004,0.8660254037844384
2023-11-30,334,30,4,48,5,11,-0.5086709438521042,0.8609610158889945,-0.20129852008866114,0.9795299412524943,-0.433883739117558,-0.9009688679024191,-0.4647231720437684,0.88545602565321,-2.4492935982947064e-16,1.0,-0.5000000000000004,0.8660254037844384
2023-12-01,335,1,5,48,1,12,-0.49377555015997737,0.8695893893466109,0.20129852008866006,0.9795299412524945,-0.9749279121818236,-0.2225209339563146,-0.4647231720437684,0.88545602565321,0.9510565162951535,0.30901699437494745,-2.4492935982947064e-16,1.0
2023-12-02,336,2,6,48,1,12,-0.4787338401157883,0.8779600847008883,0.39435585511331855,0.9189578116202306,-0.7818314824680299,0.6234898018587334,-0.4647231720437684,0.88545602565321,0.9510565162951535,0.30901699437494745,-2.4492935982947064e-16,1.0
2023-12-03,337,3,7,48,1,12,-0.4635502709028512,0.8860706215341378,0.5712682150947923,0.8207634412072763,-2.4492935982947064e-16,1.0,-0.4647231720437684,0.88545602565321,0.9510565162951535,0.30901699437494745,-2.4492935982947064e-16,1.0
2023-12-04,338,4,1,49,1,12,-0.4482293417404106,0.893918596519257,0.72479278722912,0.6889669190756866,0.7818314824680298,0.6234898018587336,-0.35460488704253595,0.9350162426854147,0.9510565162951535,0.30901699437494745,-2.4492935982947064e-16,1.0
2023-12-05,339,5,2,49,1,12,-0.4327755925504317,0.9015016841318838,0.8486442574947509,0.5289640103269624,0.9749279121818236,-0.22252093395631434,-0.35460488704253595,0.9350162426854147,0.9510565162951535,0.30901699437494745,-2.4492935982947064e-16,1.0
2023-12-06,340,6,3,49,1,12,-0.41719360261231697,0.9088176373395028,0.9377521321470804,0.3473052528448203,0.43388373911755823,-0.900968867902419,-0.35460488704253595,0.9350162426854147,0.9510565162951535,0.30901699437494745,-2.4492935982947064e-16,1.0
2023-12-07,341,7,4,49,1,12,-0.4014879892059737,0.9158642882672868,0.9884683243281114,0.1514277775045767,-0.433883739117558,-0.9009688679024191,-0.35460488704253595,0.9350162426854147,0.9510565162951535,0.30901699437494745,-2.4492935982947064e-16,1.0
2023-12-08,342,8,5,49,2,12,-0.38566340624360745,0.9226395488404875,0.9987165071710528,-0.05064916883871264,-0.9749279121818236,-0.2225209339563146,-0.35460488704253595,0.9350162426854147,0.5877852522924732,-0.8090169943749473,-2.4492935982947064e-16,1.0
2023-12-09,343,9,6,49,2,12,-0.3697245428906732,0.9291414114031743,0.9680771188662043,-0.2506525322587204,-0.7818314824680299,0.6234898018587334,-0.35460488704253595,0.9350162426854147,0.5877852522924732,-0.8090169943749473,-2.4492935982947064e-16,1.0
2023-12-10,344,10,7,49,2,12,-0.35367612217637207,0.935367949313148,0.8978045395707416,-0.4403941515576344,-2.4492935982947064e-16,1.0,-0.35460488704253595,0.9350162426854147,0.5877852522924732,-0.8090169943749473,-2.4492935982947064e-16,1.0
2023-12-11,345,11,1,50,2,12,-0.33752289959411347,0.941317317512847,0.7907757369376989,-0.6121059825476626,0.7818314824680298,0.6234898018587336,-0.2393156642875578,0.970941817426052,0.5877852522924732,-0.8090169943749473,-2.4492935982947064e-16,1.0
2023-12-12,346,12,2,50,2,12,-0.32126966169236515,0.9469877530760751,0.6513724827222223,-0.758758122692791,0.9749279121818236,-0.22252093395631434,-0.2393156642875578,0.970941817426052,0.5877852522924732,-0.8090169943749473,-2.4492935982947064e-16,1.0
2023-12-13,347,13,3,50,2,12,-0.3049212246562894,0.9523775757303973,0.48530196253108104,-0.8743466161445821,0.43388373911755823,-0.900968867902419,-0.2393156642875578,0.970941817426052,0.5877852522924732,-0.8090169943749473,-2.4492935982947064e-16,1.0
2023-12-14,348,14,4,50,2,12,-0.2884824328806098,0.9574851883550389,0.29936312297335804,-0.9541392564000488,-0.433883739117558,-0.9009688679024191,-0.2393156642875578,0.970941817426052,0.5877852522924732,-0.8090169943749473,-2.4492935982947064e-16,1.0
2023-12-15,349,15,5,50,3,12,-0.27195815753410524,0.9623090774541487,0.10116832198743272,-0.994869323391895,-0.9749279121818236,-0.2225209339563146,-0.2393156642875578,0.970941817426052,-0.587785252292473,-0.8090169943749475,-2.4492935982947064e-16,1.0
2023-12-16,350,16,6,50,3,12,-0.2553532951161881,0.9668478136052773,-0.10116832198743204,-0.9948693233918952,-0.7818314824680299,0.6234898018587334,-0.2393156642875578,0.970941817426052,-0.587785252292473,-0.8090169943749475,-2.4492935982947064e-16,1.0
2023-12-17,351,17,7,50,3,12,-0.23867276600594997,0.9711000518829505,-0.2993631229733582,-0.9541392564000488,-2.4492935982947064e-16,1.0,-0.2393156642875578,0.970941817426052,-0.587785252292473,-0.8090169943749475,-2.4492935982947064e-16,1.0
2023-12-18,352,18,1,51,3,12,-0.22192151300416674,0.9750645322571945,-0.4853019625310808,-0.8743466161445822,0.7818314824680298,0.6234898018587336,-0.12053668025532363,0.992708874098054,-0.587785252292473,-0.8090169943749475,-2.4492935982947064e-16,1.0
2023-12-19,353,19,2,51,3,12,-0.20510449986861926,0.9787400799669153,-0.651372482722222,-0.7587581226927911,0.9749279121818236,-0.22252093395631434,-0.12053668025532363,0.992708874098054,-0.587785252292473,-0.8090169943749475,-2.4492935982947064e-16,1.0
2023-12-20,354,20,3,51,3,12,-0.1882267098432439,0.9821256058680006,-0.7907757369376986,-0.6121059825476627,0.43388373911755823,-0.900968867902419,-0.12053668025532363,0.992708874098054,-0.587785252292473,-0.8090169943749475,-2.4492935982947064e-16,1.0
2023-12-21,355,21,4,51,3,12,-0.1712931441814778,0.9852201067560606,-0.8978045395707417,-0.44039415155763423,-0.433883739117558,-0.9009688679024191,-0.12053668025532363,0.992708874098054,-0.587785252292473,-0.8090169943749475,-2.4492935982947064e-16,1.0
2023-12-22,356,22,5,51,4,12,-0.154308820664281,0.9880226656636976,-0.9680771188662041,-0.2506525322587213,-0.9749279121818236,-0.2225209339563146,-0.12053668025532363,0.992708874098054,-0.9510565162951536,0.30901699437494723,-2.4492935982947064e-16,1.0
2023-12-23,357,23,6,51,4,12,-0.13727877211326517,0.9905324521322227,-0.9987165071710528,-0.05064916883871355,-0.7818314824680299,0.6234898018587334,-0.12053668025532363,0.992708874098054,-0.9510565162951536,0.30901699437494723,-2.4492935982947064e-16,1.0
2023-12-24,358,24,7,51,4,12,-0.12020804489935275,0.9927487224577402,-0.9884683243281114,0.15142777750457667,-2.4492935982947064e-16,1.0,-0.12053668025532363,0.992708874098054,-0.9510565162951536,0.30901699437494723,-2.4492935982947064e-16,1.0
2023-12-25,359,25,1,52,4,12,-0.10310169744743544,0.9946708199115211,-0.9377521321470804,0.3473052528448203,0.7818314824680298,0.6234898018587336,6.432490598706546e-16,1.0,-0.9510565162951536,0.30901699437494723,-2.4492935982947064e-16,1.0
2023-12-26,360,26,2,52,4,12,-0.0859647987374467,0.9962981749346077,-0.848644257494751,0.5289640103269624,0.9749279121818236,-0.22252093395631434,6.432490598706546e-16,1.0,-0.9510565162951536,0.30901699437494723,-2.4492935982947064e-16,1.0
2023-12-27,361,27,3,52,4,12,-0.06880242680232064,0.9976303053065857,-0.72479278722912,0.6889669190756865,0.43388373911755823,-0.900968867902419,6.432490598706546e-16,1.0,-0.9510565162951536,0.30901699437494723,-2.4492935982947064e-16,1.0
2023-12-28,362,28,4,52,4,12,-0.05161966722325418,0.9986668162884759,-0.5712682150947924,0.8207634412072763,-0.433883739117558,-0.9009688679024191,6.432490598706546e-16,1.0,-0.9510565162951536,0.30901699437494723,-2.4492935982947064e-16,1.0
2023-12-29,363,29,5,52,5,12,-0.034421611622745804,0.9994074007397048,-0.3943558551133187,0.9189578116202306,-0.9749279121818236,-0.2225209339563146,6.432490598706546e-16,1.0,-2.4492935982947064e-16,1.0,-2.4492935982947064e-16,1.0
2023-12-30,364,30,6,52,5,12,-0.01721335615583528,0.9998518392091162,-0.20129852008866114,0.9795299412524943,-0.7818314824680299,0.6234898018587334,6.432490598706546e-16,1.0,-2.4492935982947064e-16,1.0,-2.4492935982947064e-16,1.0
2023-12-31,365,31,7,52,5,12,6.432490598706546e-16,1.0,-2.4492935982947064e-16,1.0,-2.4492935982947064e-16,1.0,6.432490598706546e-16,1.0,-2.4492935982947064e-16,1.0,-2.4492935982947064e-16,1.0
2024-01-01,1,1,1,1,1,1,0.017213356155834685,0.9998518392091162,0.20129852008866006,0.9795299412524945,0.7818314824680298,0.6234898018587336,0.12053668025532305,0.992708874098054,0.9510565162951535,0.30901699437494745,0.49999999999999994,0.8660254037844387
2024-01-02,2,2,2,1,1,1,0.03442161162274574,0.9994074007397048,0.39435585511331855,0.9189578116202306,0.9749279121818236,-0.22252093395631434,0.12053668025532305,0.992708874098054,0.9510565162951535,0.30901699437494745,0.49999999999999994,0.8660254037844387
2024-01-03,3,3,3,1,1,1,0.051619667223253764,0.998666816288476,0.5712682150947923,0.8207634412072763,0.43388373911755823,-0.900968867902419,0.12053668025532305,0.992708874098054,0.9510565162951535,0.30901699437494745,0.49999999999999994,0.8660254037844387
2024-01-04,4,4,4,1,1,1,0.06880242680231986,0.9976303053065857,0.72479278722912,0.6889669190756866,-0.433883739117558,-0.9009688679024191,0.12053668025532305,0.992708874098054,0.9510565162951535,0.30901699437494745,0.49999999999999994,0.8660254037844387
2024-01-05,5,5,5,1,1,1,0.08596479873744647,0.9962981749346078,0.8486442574947509,0.5289640103269624,-0.9749279121818236,-0.2225209339563146,0.12053668025532305,0.992708874098054,0.9510565162951535,0.30901699437494745,0.49999999999999994,0.8660254037844387
2024-01-06,6,6,6,1,1,1,0.10310169744743485,0.9946708199115211,0.9377521321470804,0.3473052528448203,-0.7818314824680299,0.6234898018587334,0.12053668025532305,0.992708874098054,0.9510565162951535,0.30901699437494745,0.49999999999999994,0.8660254037844387
2024-01-07,7,7,7,1,1,1,0.1202080448993527,0.9927487224577402,0.9884683243281114,0.1514277775045767,-2.4492935982947064e-16,1.0,0.12053668025532305,0.992708874098054,0.9510565162951535,0.30901699437494745,0.49999999999999994,0.8660254037844387
2024-01-08,8,8,1,2,2,1,0.13727877211326478,0.9905324521322229,0.9987165071710528,-0.05064916883871264,0.7818314824680298,0.6234898018587336,0.23931566428755774,0.970941817426052,0.5877852522924732,-0.8090169943749473,0.49999999999999994,0.8660254037844387
2024-01-09,9,9,2,2,2,1,0.15430882066428117,0.9880226656636976,0.9680771188662043,-0.2506525322587204,0.9749279121818236,-0.22252093395631434,0.23931566428755774,0.970941817426052,0.5877852522924732,-0.8090169943749473,0.49999999999999994,0.8660254037844387
2024-01-10,10,10,3,2,2,1,0.1712931441814776,0.9852201067560606,0.8978045395707416,-0.4403941515576344,0.43388373911755823,-0.900968867902419,0.23931566428755774,0.970941817426052,0.5877852522924732,-0.8090169943749473,0.49999999999999994,0.8660254037844387
2024-01-11,11,11,4,2,2,1,0.1882267098432442,0.9821256058680006,0.7907757369376989,-0.6121059825476626,-0.433883739117558,-0.9009688679024191,0.23931566428755774,0.970941817426052,0.5877852522924732,-0.8090169943749473,0.49999999999999994,0.8660254037844387
2024-01-12,12,12,5,2,2,1,0.2051044998686192,0.9787400799669153,0.6513724827222223,-0.758758122692791,-0.9749279121818236,-0.2225209339563146,0.23931566428755774,0.970941817426052,0.5877852522924732,-0.8090169943749473,0.49999999999999994,0.8660254037844387
2024-01-13,13,13,6,2,2,1,0.22192151300416552,0.9750645322571948,0.48530196253108104,-0.8743466161445821,-0.7818314824680299,0.6234898018587334,0.23931566428755774,0.970941817426052,0.5877852522924732,-0.8090169943749473,0.49999999999999994,0.8660254037844387
2024-01-14,14,14,7,2,2,1,0.2386727660059501,0.9711000518829505,0.29936312297335804,-0.9541392564000488,-2.4492935982947064e-16,1.0,0.23931566428755774,0.970941817426052,0.5877852522924732,-0.8090169943749473,0.49999999999999994,0.8660254037844387
2024-01-15,15,15,1,3,3,1,0.255353295116187,0.9668478136052775,0.10116832198743272,-0.994869323391895,0.7818314824680298,0.6234898018587336,0.3546048870425356,0.9350162426854148,-0.587785252292473,-0.8090169943749475,0.49999999999999994,0.8660254037844387
2024-01-16,16,16,2,3,3,1,0.2719581575341055,0.9623090774541486,-0.10116832198743204,-0.9948693233918952,0.9749279121818236,-0.22252093395631434,0.3546048870425356,0.9350162426854148,-0.587785252292473,-0.8090169943749475,0.49999999999999994,0.8660254037844387
2024-01-17,17,17,3,3,3,1,0.288482432880609,0.9574851883550393,-0.2993631229733582,-0.9541392564000488,0.43388373911755823,-0.900968867902419,0.3546048870425356,0.9350162426854148,-0.587785252292473,-0.8090169943749475,0.49999999999999994,0.8660254037844387
2024-01-18,18,18,4,3,3,1,0.30492122465628907,0.9523775757303974,-0.4853019625310808,-0.8743466161445822,-0.433883739117558,-0.9009688679024191,0.3546048870425356,0.9350162426854148,-0.587785252292473,-0.8090169943749475,0.49999999999999994,0.8660254037844387
2024-01-19,19,19,5,3,3,1,0.3212696616923644,0.9469877530760753,-0.651372482722222,-0.7587581226927911,-0.9749279121818236,-0.2225209339563146,0.3546048870425356,0.9350162426854148,-0.587785252292473,-0.8090169943749475,0.49999999999999994,0.8660254037844387
2024-01-20,20,20,6,3,3,1,0.3375228995941133,0.9413173175128471,-0.7907757369376986,-0.6121059825476627,-0.7818314824680299,0.6234898018587334,0.3546048870425356,0.9350162426854148,-0.587785252292473,-0.8090169943749475,0.49999999999999994,0.8660254037844387
2024-01-21,21,21,7,3,3,1,0.3536761221763716,0.9353679493131483,-0.8978045395707417,-0.44039415155763423,-2.4492935982947064e-16,1.0,0.3546048870425356,0.9350162426854148,-0.587785252292473,-0.8090169943749475,0.49999999999999994,0.8660254037844387
2024-01-22,22,22,1,4,4,1,0.3697245428906731,0.9291414114031743,-0.9680771188662041,-0.2506525322587213,0.7818314824680298,0.6234898018587336,0.4647231720437685,0.8854560256532099,-0.9510565162951536,0.30901699437494723,0.49999999999999994,0.8660254037844387
2024-01-23,23,23,2,4,4,1,0.38566340624360707,0.9226395488404876,-0.9987165071710528,-0.05064916883871355,0.9749279121818236,-0.22252093395631434,0.4647231720437685,0.8854560256532099,-0.9510565162951536,0.30901699437494723,0.49999999999999994,0.8660254037844387
2024-01-24,24,24,3,4,4,1,0.401487989205973,0.9158642882672872,-0.9884683243281114,0.15142777750457667,0.43388373911755823,-0.900968867902419,0.4647231720437685,0.8854560256532099,-0.9510565162951536,0.30901699437494723,0.49999999999999994,0.8660254037844387
2024-01-25,25,25,4,4,4,1,0.4171936026123168,0.9088176373395029,-0.9377521321470804,0.3473052528448203,-0.433883739117558,-0.9009688679024191,0.4647231720437685,0.8854560256532099,-0.9510565162951536,0.30901699437494723,0.49999999999999994,0.8660254037844387
2024-01-26,26,26,5,4,4,1,0.4327755925504312,0.901501684131884,-0.848644257494751,0.5289640103269624,-0.9749279121818236,-0.2225209339563146,0.4647231720437685,0.8854560256532099,-0.9510565162951536,0.30901699437494723,0.49999999999999994,0.8660254037844387
2024-01-27,27,27,6,4,4,1,0.4482293417404106,0.893918596519257,-0.72479278722912,0.6889669190756865,-0.7818314824680299,0.6234898018587334,0.4647231720437685,0.8854560256532099,-0.9510565162951536,0.30901699437494723,0.49999999999999994,0.8660254037844387
2024-01-28,28,28,7,4,4,1,0.4635502709028509,0.886070621534138,-0.5712682150947924,0.8207634412072763,-2.4492935982947064e-16,1.0,0.4647231720437685,0.8854560256532099,-0.9510565162951536,0.30901699437494723,0.49999999999999994,0.8660254037844387
2024-01-29,29,29,1,5,5,1,0.47873384011578846,0.8779600847008882,-0.3943558551133187,0.9189578116202306,0.7818314824680298,0.6234898018587336,0.5680647467311558,0.8229838658936564,-2.4492935982947064e-16,1.0,0.49999999999999994,0.8660254037844387
2024-01-30,30,30,2,5,5,1,0.4937755501599772,0.869589389346611,-0.20129852008866114,0.9795299412524943,0.9749279121818236,-0.22252093395631434,0.5680647467311558,0.8229838658936564,-2.4492935982947064e-16,1.0,0.49999999999999994,0.8660254037844387
2024-01-31,31,31,3,5,5,1,0.5086709438521044,0.8609610158889943,-2.4492935982947064e-16,1.0,0.43388373911755823,-0.900968867902419,0.5680647467311558,0.8229838658936564,-2.4492935982947064e-16,1.0,0.49999999999999994,0.8660254037844387
2024-02-01,32,1,4,5,1,2,0.5234156073655503,0.8520775211013093,0.20129852008866006,0.9795299412524945,-0.433883739117558,-0.9009688679024191,0.5680647467311558,0.8229838658936564,0.9510565162951535,0.30901699437494745,0.8660254037844386,0.5000000000000001
2024-02-02,33,2,5,5,1,2,0.5380051715382996,0.8429415373547828,0.39435585511331855,0.9189578116202306,-0.9749279121818236,-0.2225209339563146,0.5680647467311558,0.8229838658936564,0.9510565162951535,0.30901699437494745,0.8660254037844386,0.5000000000000001
2024-02-03,34,3,6,5,1,2,0.5524353131676196,0.8335557718385699,0.5712682150947923,0.8207634412072763,-0.7818314824680299,0.6234898018587334,0.5680647467311558,0.8229838658936564,0.9510565162951535,0.30901699437494745,0.8660254037844386,0.5000000000000001
2024-02-04,35,4,7,5,1,2,0.5667017562911176,0.8239230057575542,0.72479278722912,0.6889669190756866,-2.4492935982947064e-16,1.0,0.5680647467311558,0.8229838658936564,0.9510565162951535,0.30901699437494745,0.8660254037844386,0.5000000000000001
2024-02-05,36,5,1,6,1,2,0.5808002734538009,0.8140460935082178,0.8486442574947509,0.5289640103269624,0.7818314824680298,0.6234898018587336,0.6631226582407952,0.7485107481711011,0.9510565162951535,0.30901699437494745,0.8660254037844386,0.5000000000000001
2024-02-06,37,6,2,6,1,2,0.5947266869607634,0.8039279618328213,0.9377521321470804,0.3473052528448203,0.9749279121818236,-0.22252093395631434,0.6631226582407952,0.7485107481711011,0.9510565162951535,0.30901699437494745,0.8660254037844386,0.5000000000000001
2024-02-07,38,7,3,6,1,2,0.6084768701151261,0.7935716089521474,0.9884683243281114,0.1514277775045767,0.43388373911755823,-0.900968867902419,0.6631226582407952,0.7485107481711011,0.9510565162951535,0.30901699437494745,0.8660254037844386,0.5000000000000001
2024-02-08,39,8,4,6,2,2,0.6220467484408675,0.7829801036770629,0.9987165071710528,-0.05064916883871264,-0.433883739117558,-0.9009688679024191,0.6631226582407952,0.7485107481711011,0.5877852522924732,-0.8090169943749473,0.8660254037844386,0.5000000000000001
2024-02-09,40,9,5,6,2,2,0.6354323008901774,0.7721565844991642,0.9680771188662043,-0.2506525322587204,-0.9749279121818236,-0.2225209339563146,0.6631226582407952,0.7485107481711011,0.5877852522924732,-0.8090169943749473,0.8660254037844386,0.5000000000000001
2024-02-10,41,10,6,6,2,2,0.6486295610349814,0.7611042586607747,0.8978045395707416,-0.4403941515576344,-0.7818314824680299,0.6234898018587334,0.6631226582407952,0.7485107481711011,0.5877852522924732,-0.8090169943749473,0.8660254037844386,0.5000000000000001
2024-02-11,42,11,7,6,2,2,0.6616346182422783,0.7498264012045686,0.7907757369376989,-0.6121059825476626,-2.4492935982947064e-16,1.0,0.6631226582407952,0.7485107481711011,0.5877852522924732,-0.8090169943749473,0.8660254037844386,0.5000000000000001
2024-02-12,43,12,1,7,2,2,0.6744436188329455,0.7383263540031065,0.6513724827222223,-0.758758122692791,0.7818314824680298,0.6234898018587336,0.7485107481711011,0.6631226582407953,0.5877852522924732,-0.8090169943749473,0.8660254037844386,0.5000000000000001
2024-02-13,44,13,2,7,2,2,0.6870527672236669,0.7266075247685656,0.48530196253108104,-0.8743466161445821,0.9749279121818236,-0.22252093395631434,0.7485107481711011,0.6631226582407953,0.5877852522924732,-0.8090169943749473,0.8660254037844386,0.5000000000000001
2024-02-14,45,14,3,7,2,2,0.699458327051647,0.7146733860429609,0.29936312297335804,-0.9541392564000488,0.43388373911755823,-0.900968867902419,0.7485107481711011,0.6631226582407953,0.5877852522924732,-0.8090169943749473,0.8660254037844386,0.5000000000000001
2024-02-15,46,15,4,7,3,2,0.7116566222817746,0.7025274741691571,0.10116832198743272,-0.994869323391895,-0.433883739117558,-0.9009688679024191,0.7485107481711011,0.6631226582407953,-0.587785252292473,-0.8090169943749475,0.8660254037844386,0.5000000000000001
2024-02-16,47,16,5,7,3,2,0.7236440382959124,0.6901733882429719,-0.10116832198743204,-0.9948693233918952,-0.9749279121818236,-0.2225209339563146,0.7485107481711011,0.6631226582407953,-0.587785252292473,-0.8090169943749475,0.8660254037844386,0.5000000000000001
2024-02-17,48,17,6,7,3,2,0.7354170229639856,0.6776147890466889,-0.2993631229733582,-0.9541392564000488,-0.7818314824680299,0.6234898018587334,0.7485107481711011,0.6631226582407953,-0.587785252292473,-0.8090169943749475,0.8660254037844386,0.5000000000000001
2024-02-18,49,18,7,7,3,2,0.7469720876965552,0.6648553979642865,-0.4853019625310808,-0.8743466161445822,-2.4492935982947064e-16,1.0,0.7485107481711011,0.6631226582407953,-0.587785252292473,-0.8090169943749475,0.8660254037844386,0.5000000000000001
2024-02-19,50,19,1,8,3,2,0.7583058084785624,0.6518989958787126,-0.651372482722222,-0.7587581226927911,0.7818314824680298,0.6234898018587336,0.8229838658936564,0.5680647467311559,-0.587785252292473,-0.8090169943749475,0.8660254037844386,0.5000000000000001
2024-02-20,51,20,2,8,3,2,0.7694148268839378,0.6387494220515272,-0.7907757369376986,-0.6121059825476627,0.9749279121818236,-0.22252093395631434,0.8229838658936564,0.5680647467311559,-0.587785252292473,-0.8090169943749475,0.8660254037844386,0.5000000000000001
2024-02-21,52,21,3,8,3,2,0.7802958510707755,0.6254105729852464,-0.8978045395707417,-0.44039415155763423,0.43388373911755823,-0.900968867902419,0.8229838658936564,0.5680647467311559,-0.587785252292473,-0.8090169943749475,0.8660254037844386,0.5000000000000001
2024-02-22,53,22,4,8,4,2,0.7909456567567772,0.6118864012687243,-0.9680771188662041,-0.2506525322587213,-0.433883739117558,-0.9009688679024191,0.8229838658936564,0.5680647467311559,-0.9510565162951536,0.30901699437494723,0.8660254037844386,0.5000000000000001
2024-02-23,54,23,5,8,4,2,0.8013610881746766,0.5981809144059165,-0.9987165071710528,-0.05064916883871355,-0.9749279121818236,-0.2225209339563146,0.8229838658936564,0.5680647467311559,-0.9510565162951536,0.30901699437494723,0.8660254037844386,0.5000000000000001
2024-02-24,55,24,6,8,4,2,0.8115390590073611,0.5842981736283684,-0.9884683243281114,0.15142777750457667,-0.7818314824680299,0.6234898018587334,0.8229838658936564,0.5680647467311559,-0.9510565162951536,0.30901699437494723,0.8660254037844386,0.5000000000000001
2024-02-25,56,25,7,8,4,2,0.8214765533024142,0.5702422926917871,-0.9377521321470804,0.3473052528448203,-2.4492935982947064e-16,1.0,0.8229838658936564,0.5680647467311559,-0.9510565162951536,0.30901699437494723,0.8660254037844386,0.5000000000000001
2024-02-26,57,26,1,9,4,2,0.8311706263658079,0.5560174366570446,-0.848644257494751,0.5289640103269624,0.7818314824680298,0.6234898018587336,0.8854560256532099,0.4647231720437686,-0.9510565162951536,0.30901699437494723,0.8660254037844386,0.5000000000000001
2024-02-27,58,27,2,9,4,2,0.8406184056344782,0.5416278206559814,-0.72479278722912,0.6889669190756865,0.9749279121818236,-0.22252093395631434,0.8854560256532099,0.4647231720437686,-0.9510565162951536,0.30901699437494723,0.8660254037844386,0.5000000000000001
2024-02-28,59,28,3,9,4,2,0.8498170915275278,0.5270777086423722,-0.5712682150947924,0.8207634412072763,0.43388373911755823,-0.900968867902419,0.8854560256532099,0.4647231720437686,-0.9510565162951536,0.30901699437494723,0.8660254037844386,0.5000000000000001
2024-02-29,60,29,4,9,5,2,0.8587639582758029,0.5123714121284237,-0.3943558551133187,0.9189578116202306,-0.433883739117558,-0.9009688679024191,0.8854560256532099,0.4647231720437686,-2.4492935982947064e-16,1.0,0.8660254037844386,0.5000000000000001
2024-03-01,61,1,5,9,1,3,0.8674563547295969,0.49751328890718066,0.20129852008866006,0.9795299412524945,-0.9749279121818236,-0.2225209339563146,0.8854560256532099,0.4647231720437686,0.9510565162951535,0.30901699437494745,1.0,6.123233995736766e-17
2024-03-02,62,2,6,9,1,3,0.8758917051442429,0.48250774176121847,0.39435585511331855,0.9189578116202306,-0.7818314824680299,0.6234898018587334,0.8854560256532099,0.4647231720437686,0.9510565162951535,0.30901699437494745,1.0,6.123233995736766e-17
2024-03-03,63,3,7,9,1,3,0.8840675099433636,0.4673592171580022,0.5712682150947923,0.8207634412072763,-2.4492935982947064e-16,1.0,0.8854560256532099,0.4647231720437686,0.9510565162951535,0.30901699437494745,1.0,6.123233995736766e-17
2024-03-04,64,4,1,10,1,3,0.8919813464595485,0.45207220393230435,0.72479278722912,0.6889669190756866,0.7818314824680298,0.6234898018587336,0.9350162426854148,0.35460488704253557,0.9510565162951535,0.30901699437494745,1.0,6.123233995736766e-17
2024-03-05,65,5,2,10,1,3,0.8996308696522433,0.43665123195606403,0.8486442574947509,0.5289640103269624,0.9749279121818236,-0.22252093395631434,0.9350162426854148,0.35460488704253557,0.9510565162951535,0.30901699437494745,1.0,6.123233995736766e-17
2024-03-06,66,6,3,10,1,3,0.9070138128026359,0.4211008707960896,0.9377521321470804,0.3473052528448203,0.43388373911755823,-0.900968867902419,0.9350162426854148,0.35460488704253557,0.9510565162951535,0.30901699437494745,1.0,6.123233995736766e-17
2024-03-07,67,7,4,10,1,3,0.9141279881853337,0.40542572835999735,0.9884683243281114,0.1514277775045767,-0.433883739117558,-0.9009688679024191,0.9350162426854148,0.35460488704253557,0.9510565162951535,0.30901699437494745,1.0,6.123233995736766e-17
2024-03-08,68,8,5,10,2,3,0.9209712877166346,0.38963044953078796,0.9987165071710528,-0.05064916883871264,-0.9749279121818236,-0.2225209339563146,0.9350162426854148,0.35460488704253557,0.5877852522924732,-0.8090169943749473,1.0,6.123233995736766e-17
2024-03-09,69,9,6,10,2,3,0.9275416835791966,0.37371971479046906,0.9680771188662043,-0.2506525322587204,-0.7818314824680299,0.6234898018587334,0.9350162426854148,0.35460488704253557,0.5877852522924732,-0.8090169943749473,1.0,6.123233995736766e-17
2024-03-10,70,10,7,10,2,3,0.9338372288229252,0.35769823883312546,0.8978045395707416,-0.4403941515576344,-2.4492935982947064e-16,1.0,0.9350162426854148,0.35460488704253557,0.5877852522924732,-0.8090169943749473,1.0,6.123233995736766e-17
2024-03-11,71,11,1,11,2,3,0.9398560579418954,0.3415707691678556,0.7907757369376989,-0.6121059825476626,0.7818314824680298,0.6234898018587336,0.970941817426052,0.23931566428755804,0.5877852522924732,-0.8090169943749473,1.0,6.123233995736766e-17
2024-03-12,72,12,2,11,2,3,0.9455963874271426,0.3253420847119801,0.6513724827222223,-0.758758122692791,0.9749279121818236,-0.22252093395631434,0.970941817426052,0.23931566428755804,0.5877852522924732,-0.8090169943749473,1.0,6.123233995736766e-17
2024-03-13,73,13,3,11,2,3,0.9510565162951535,0.30901699437494745,0.48530196253108104,-0.8743466161445821,0.43388373911755823,-0.900968867902419,0.970941817426052,0.23931566428755804,0.5877852522924732,-0.8090169943749473,1.0,6.123233995736766e-17
2024-03-14,74,14,4,11,2,3,0.9562348265919056,0.29260033563334836,0.29936312297335804,-0.9541392564000488,-0.433883739117558,-0.9009688679024191,0.970941817426052,0.23931566428755804,0.5877852522924732,-0.8090169943749473,1.0,6.123233995736766e-17
2024-03-15,75,15,5,11,3,3,0.9611297838723007,0.27609697309746883,0.10116832198743272,-0.994869323391895,-0.9749279121818236,-0.2225209339563146,0.970941817426052,0.23931566428755804,-0.587785252292473,-0.8090169943749475,1.0,6.123233995736766e-17
2024-03-16,76,16,6,11,3,3,0.9657399376548549,0.2595117970697999,-0.10116832198743204,-0.9948693233918952,-0.7818314824680299,0.6234898018587334,0.970941817426052,0.23931566428755804,-0.587785252292473,-0.8090169943749475,1.0,6.123233995736766e-17
2024-03-17,77,17,7,11,3,3,0.9700639218515071,0.2428497220959356,-0.2993631229733582,-0.9541392564000488,-2.4492935982947064e-16,1.0,0.970941817426052,0.23931566428755804,-0.587785252292473,-0.8090169943749475,1.0,6.123233995736766e-17
2024-03-18,78,18,1,12,3,3,0.9741004551724205,0.22611568550828828,-0.4853019625310808,-0.8743466161445822,0.7818314824680298,0.6234898018587336,0.992708874098054,0.120536680255323,-0.587785252292473,-0.8090169943749475,1.0,6.123233995736766e-17
2024-03-19,79,19,2,12,3,3,0.9778483415056568,0.20931464596304847,-0.651372482722222,-0.7587581226927911,0.9749279121818236,-0.22252093395631434,0.992708874098054,0.120536680255323,-0.587785252292473,-0.8090169943749475,1.0,6.123233995736766e-17
2024-03-20,80,20,3,12,3,3,0.9813064702716093,0.19245158197082998,-0.7907757369376986,-0.6121059825476627,0.43388373911755823,-0.900968867902419,0.992708874098054,0.120536680255323,-0.587785252292473,-0.8090169943749475,1.0,6.123233995736766e-17
2024-03-21,81,21,4,12,3,3,0.9844738167520922,0.1755314904214282,-0.8978045395707417,-0.44039415155763423,-0.433883739117558,-0.9009688679024191,0.992708874098054,0.120536680255323,-0.587785252292473,-0.8090169943749475,1.0,6.123233995736766e-17
2024-03-22,82,22,5,12,4,3,0.9873494423939864,0.15855938510313478,-0.9680771188662041,-0.2506525322587213,-0.9749279121818236,-0.2225209339563146,0.992708874098054,0.120536680255323,-0.9510565162951536,0.30901699437494723,1.0,6.123233995736766e-17
2024-03-23,83,23,6,12,4,3,0.989932495087353,0.141540295217043,-0.9987165071710528,-0.05064916883871355,-0.7818314824680299,0.6234898018587334,0.992708874098054,0.120536680255323,-0.9510565162951536,0.30901699437494723,1.0,6.123233995736766e-17
2024-03-24,84,24,7,12,4,3,0.9922222094179323,0.12447926388678915,-0.9884683243281114,0.15142777750457667,-2.4492935982947064e-16,1.0,0.992708874098054,0.120536680255323,-0.9510565162951536,0.30901699437494723,1.0,6.123233995736766e-17
2024-03-25,85,25,1,13,4,3,0.994217906893952,0.10738134666416309,-0.9377521321470804,0.3473052528448203,0.7818314824680298,0.6234898018587336,1.0,-1.6081226496766366e-16,-0.9510565162951536,0.30901699437494723,1.0,6.123233995736766e-17
2024-03-26,86,26,2,13,4,3,0.995918996147179,0.09025161003104117,-0.848644257494751,0.5289640103269624,0.9749279121818236,-0.22252093395631434,1.0,-1.6081226496766366e-16,-0.9510565162951536,0.30901699437494723,1.0,6.123233995736766e-17
2024-03-27,87,27,3,13,4,3,0.9973249731081555,0.07309512989807777,-0.72479278722912,0.6889669190756865,0.43388373911755823,-0.900968867902419,1.0,-1.6081226496766366e-16,-0.9510565162951536,0.30901699437494723,1.0,6.123233995736766e-17
2024-03-28,88,28,4,13,4,3,0.9984354211555643,0.055916990100603484,-0.5712682150947924,0.8207634412072763,-0.433883739117558,-0.9009688679024191,1.0,-1.6081226496766366e-16,-0.9510565162951536,0.30901699437494723,1.0,6.123233995736766e-17
2024-03-29,89,29,5,13,5,3,0.9992500112396835,0.03872228089217446,-0.3943558551133187,0.9189578116202306,-0.9749279121818236,-0.2225209339563146,1.0,-1.6081226496766366e-16,-2.4492935982947064e-16,1.0,1.0,6.123233995736766e-17
2024-03-30,90,30,6,13,5,3,0.9997685019798909,0.021516097436222254,-0.20129852008866114,0.9795299412524943,-0.7818314824680299,0.6234898018587334,1.0,-1.6081226496766366e-16,-2.4492935982947064e-16,1.0,1.0,6.123233995736766e-17
2024-03-31,91,31,7,13,5,3,0.9999907397361901,0.004303538296244289,-2.4492935982947064e-16,1.0,-2.4492935982947064e-16,1.0,1.0,-1.6081226496766366e-16,-2.4492935982947064e-16,1.0,1.0,6.123233995736766e-17
2024-04-01,92,1,1,14,1,4,0.9999166586547379,-0.01291029607500882,0.20129852008866006,0.9795299412524945,0.7818314824680298,0.6234898018587336,0.992708874098054,-0.12053668025532288,0.9510565162951535,0.30901699437494745,0.8660254037844387,-0.4999999999999998
2024-04-02,93,2,2,14,1,4,0.9995462806873573,-0.030120304846908114,0.39435585511331855,0.9189578116202306,0.9749279121818236,-0.22252093395631434,0.992708874098054,-0.12053668025532288,0.9510565162951535,0.30901699437494745,0.8660254037844387,-0.4999999999999998
2024-04-03,94,3,3,14,1,4,0.9988797155850336,-0.04732138832243185,0.5712682150947923,0.8207634412072763,0.43388373911755823,-0.900968867902419,0.992708874098054,-0.12053668025532288,0.9510565162951535,0.30901699437494745,0.8660254037844387,-0.4999999999999998
2024-04-04,95,4,4,14,1,4,0.9979171608653922,-0.06450844944931623,0.72479278722912,0.6889669190756866,-0.433883739117558,-0.9009688679024191,0.992708874098054,-0.12053668025532288,0.9510565162951535,0.30901699437494745,0.8660254037844387,-0.4999999999999998
2024-04-05,96,5,5,14,1,4,0.9966589017541702,-0.08167639533042241,0.8486442574947509,0.5289640103269624,-0.9749279121818236,-0.2225209339563146,0.992708874098054,-0.12053668025532288,0.9510565162951535,0.30901699437494745,0.8660254037844387,-0.4999999999999998
2024-04-06,97,6,6,14,1,4,0.9951053111006976,-0.09882013873287143,0.9377521321470804,0.3473052528448203,-0.7818314824680299,0.6234898018587334,0.992708874098054,-0.12053668025532288,0.9510565162951535,0.30901699437494745,0.8660254037844387,-0.4999999999999998
2024-04-07,98,7,7,14,1,4,0.9932568492674143,-0.11593459959550041,0.9884683243281114,0.1514277775045767,-2.4492935982947064e-16,1.0,0.992708874098054,-0.12053668025532288,0.9510565162951535,0.30901699437494745,0.8660254037844387,-0.4999999999999998
2024-04-08,99,8,1,15,2,4,0.9911140639934547,-0.1330147065341959,0.9987165071710528,-0.05064916883871264,0.7818314824680298,0.6234898018587336,0.9709418174260521,-0.2393156642875575,0.5877852522924732,-0.8090169943749473,0.8660254037844387,-0.4999999999999998
2024-04-09,100,9,2,15,2,4,0.9886775902323405,-0.1500553983446526,0.9680771188662043,-0.2506525322587204,0.9749279121818236,-0.22252093395631434,0.9709418174260521,-0.2393156642875575,0.5877852522924732,-0.8090169943749473,0.8660254037844387,-0.4999999999999998
2024-04-10,101,10,3,15,2,4,0.9859481499638304,-0.16705162550211924,0.8978045395707416,-0.4403941515576344,0.43388373911755823,-0.900968867902419,0.9709418174260521,-0.2393156642875575,0.5877852522924732,-0.8090169943749473,0.8660254037844387,-0.4999999999999998
2024-04-11,102,11,4,15,2,4,0.9829265519799822,-0.18399835165768005,0.7907757369376989,-0.6121059825476626,-0.433883739117558,-0.9009688679024191,0.9709418174260521,-0.2393156642875575,0.5877852522924732,-0.8090169943749473,0.8660254037844387,-0.4999999999999998
2024-04-12,103,12,5,15,2,4,0.9796136916454901,-0.20089055513063506,0.6513724827222223,-0.758758122692791,-0.9749279121818236,-0.2225209339563146,0.9709418174260521,-0.2393156642875575,0.5877852522924732,-0.8090169943749473,0.8660254037844387,-0.4999999999999998
2024-04-13,104,13,6,15,2,4,0.9760105506323683,-0.21772323039653177,0.48530196253108104,-0.8743466161445821,-0.7818314824680299,0.6234898018587334,0.9709418174260521,-0.2393156642875575,0.5877852522924732,-0.8090169943749473,0.8660254037844387,-0.4999999999999998
2024-04-14,105,14,7,15,2,4,0.9721181966290613,-0.23449138957040985,0.29936312297335804,-0.9541392564000488,-2.4492935982947064e-16,1.0,0.9709418174260521,-0.2393156642875575,0.5877852522924732,-0.8090169943749473,0.8660254037844387,-0.4999999999999998
2024-04-15,106,15,1,16,3,4,0.9679377830240642,-0.25119006388481935,0.10116832198743272,-0.994869323391895,0.7818314824680298,0.6234898018587336,0.9350162426854148,-0.35460488704253545,-0.587785252292473,-0.8090169943749475,0.8660254037844387,-0.4999999999999998
2024-04-16,107,16,2,16,3,4,0.9634705485641488,-0.2678143051621742,-0.10116832198743204,-0.9948693233918952,0.9749279121818236,-0.22252093395631434,0.9350162426854148,-0.35460488704253545,-0.587785252292473,-0.8090169943749475,0.8660254037844387,-0.4999999999999998
2024-04-17,108,17,3,16,3,4,0.9587178169872964,-0.2843591872810034,-0.2993631229733582,-0.9541392564000488,0.43388373911755823,-0.900968867902419,0.9350162426854148,-0.35460488704253545,-0.587785252292473,-0.8090169943749475,0.8660254037844387,-0.4999999999999998
2024-04-18,109,18,4,16,3,4,0.9536809966304457,-0.30081980763566735,-0.4853019625310808,-0.8743466161445822,-0.433883739117558,-0.9009688679024191,0.9350162426854148,-0.35460488704253545,-0.587785252292473,-0.8090169943749475,0.8660254037844387,-0.4999999999999998
2024-04-19,110,19,5,16,3,4,0.9483615800121715,-0.3171912885891061,-0.651372482722222,-0.7587581226927911,-0.9749279121818236,-0.2225209339563146,0.9350162426854148,-0.35460488704253545,-0.587785252292473,-0.8090169943749475,0.8660254037844387,-0.4999999999999998
2024-04-20,111,20,6,16,3,4,0.9427611433904207,-0.3334687789181868,-0.7907757369376986,-0.6121059825476627,-0.7818314824680299,0.6234898018587334,0.9350162426854148,-0.35460488704253545,-0.587785252292473,-0.8090169943749475,0.8660254037844387,-0.4999999999999998
2024-04-21,112,21,7,16,3,4,0.9368813462954315,-0.3496474552512284,-0.8978045395707417,-0.44039415155763423,-2.4492935982947064e-16,1.0,0.9350162426854148,-0.35460488704253545,-0.587785252292473,-0.8090169943749475,0.8660254037844387,-0.4999999999999998
2024-04-22,113,22,1,17,4,4,0.9307239310379795,-0.36572252349726897,-0.9680771188662041,-0.2506525322587213,0.7818314824680298,0.6234898018587336,0.8854560256532099,-0.4647231720437685,-0.9510565162951536,0.30901699437494723,0.8660254037844387,-0.4999999999999998
2024-04-23,114,23,2,17,4,4,0.9242907221930933,-0.3816892202666588,-0.9987165071710528,-0.05064916883871355,0.9749279121818236,-0.22252093395631434,0.8854560256532099,-0.4647231720437685,-0.9510565162951536,0.30901699437494723,0.8660254037844387,-0.4999999999999998
2024-04-24,115,24,3,17,4,4,0.9175836260593937,-0.39754281428255595,-0.9884683243281114,0.15142777750457667,0.43388373911755823,-0.900968867902419,0.8854560256532099,-0.4647231720437685,-0.9510565162951536,0.30901699437494723,0.8660254037844387,-0.4999999999999998
2024-04-25,116,25,4,17,4,4,0.9106046300942162,-0.4132786077829042,-0.9377521321470804,0.3473052528448203,-0.433883739117558,-0.9009688679024191,0.8854560256532099,-0.4647231720437685,-0.9510565162951536,0.30901699437494723,0.8660254037844387,-0.4999999999999998
2024-04-26,117,26,5,17,4,4,0.9033558023246845,-0.4288919379124835,-0.848644257494751,0.5289640103269624,-0.9749279121818236,-0.2225209339563146,0.8854560256532099,-0.4647231720437685,-0.9510565162951536,0.30901699437494723,0.8660254037844387,-0.4999999999999998
2024-04-27,118,27,6,17,4,4,0.895839290734909,-0.4443781781046132,-0.72479278722912,0.6889669190756865,-0.7818314824680299,0.6234898018587334,0.8854560256532099,-0.4647231720437685,-0.9510565162951536,0.30901699437494723,0.8660254037844387,-0.4999999999999998
2024-04-28,119,28,7,17,4,4,0.8880573226294932,-0.45973273945210397,-0.5712682150947924,0.8207634412072763,-2.4492935982947064e-16,1.0,0.8854560256532099,-0.4647231720437685,-0.9510565162951536,0.30901699437494723,0.8660254037844387,-0.4999999999999998
2024-04-29,120,29,1,18,5,4,0.8800122039735357,-0.47495107206704995,-0.3943558551133187,0.9189578116202306,0.7818314824680298,0.6234898018587336,0.8229838658936565,-0.5680647467311557,-2.4492935982947064e-16,1.0,0.8660254037844387,-0.4999999999999998
2024-04-30,121,30,2,18,5,4,0.8717063187093218,-0.4900286664290592,-0.20129852008866114,0.9795299412524943,0.9749279121818236,-0.22252093395631434,0.8229838658936565,-0.5680647467311557,-2.4492935982947064e-16,1.0,0.8660254037844387,-0.4999999999999998
2024-05-01,122,1,3,18,1,5,0.8631421280499114,-0.5049610547215204,0.20129852008866006,0.9795299412524945,0.43388373911755823,-0.900968867902419,0.8229838658936565,-0.5680647467311557,0.9510565162951535,0.30901699437494745,0.49999999999999994,-0.8660254037844387
2024-05-02,123,2,4,18,1,5,0.854322169749827,-0.5197438121555155,0.39435585511331855,0.9189578116202306,-0.433883739117558,-0.9009688679024191,0.8229838658936565,-0.5680647467311557,0.9510565162951535,0.30901699437494745,0.49999999999999994,-0.8660254037844387
2024-05-03,124,3,5,18,1,5,0.8452490573530633,-0.5343725582809786,0.5712682150947923,0.8207634412072763,-0.9749279121818236,-0.2225209339563146,0.8229838658936565,-0.5680647467311557,0.9510565162951535,0.30901699437494745,0.49999999999999994,-0.8660254037844387
2024-05-04,125,4,6,18,1,5,0.8359254794186372,-0.548842958284719,0.72479278722912,0.6889669190756866,-0.7818314824680299,0.6234898018587334,0.8229838658936565,-0.5680647467311557,0.9510565162951535,0.30901699437494745,0.49999999999999994,-0.8660254037844387
2024-05-05,126,5,7,18,1,5,0.8263541987239096,-0.5631507242749186,0.8486442574947509,0.5289640103269624,-2.4492935982947064e-16,1.0,0.8229838658936565,-0.5680647467311557,0.9510565162951535,0.30901699437494745,0.49999999999999994,-0.8660254037844387
2024-05-06,127,6,1,19,1,5,0.8165380514459161,-0.5772916165517272,0.9377521321470804,0.3473052528448203,0.7818314824680298,0.6234898018587336,0.7485107481711013,-0.663122658240795,0.9510565162951535,0.30901699437494745,0.49999999999999994,-0.8660254037844387
2024-05-07,128,7,2,19,1,5,0.8064799463209448,-0.5912614448635781,0.9884683243281114,0.1514277775045767,0.9749279121818236,-0.22252093395631434,0.7485107481711013,-0.663122658240795,0.9510565162951535,0.30901699437494745,0.49999999999999994,-0.8660254037844387
2024-05-08,129,8,3,19,2,5,0.7961828637826158,-0.6050560696488488,0.9987165071710528,-0.05064916883871264,0.43388373911755823,-0.900968867902419,0.7485107481711013,-0.663122658240795,0.5877852522924732,-0.8090169943749473,0.49999999999999994,-0.8660254037844387
2024-05-09,130,9,4,19,2,5,0.7856498550787147,-0.6186714032625031,0.9680771188662043,-0.2506525322587204,-0.433883739117558,-0.9009688679024191,0.7485107481711013,-0.663122658240795,0.5877852522924732,-0.8090169943749473,0.49999999999999994,-0.8660254037844387
2024-05-10,131,10,5,19,2,5,0.7748840413670407,-0.6321034111873487,0.8978045395707416,-0.4403941515576344,-0.9749279121818236,-0.2225209339563146,0.7485107481711013,-0.663122658240795,0.5877852522924732,-0.8090169943749473,0.49999999999999994,-0.8660254037844387
2024-05-11,132,11,6,19,2,5,0.7638886127905428,-0.6453481132295501,0.7907757369376989,-0.6121059825476626,-0.7818314824680299,0.6234898018587334,0.7485107481711013,-0.663122658240795,0.5877852522924732,-0.8090169943749473,0.49999999999999994,-0.8660254037844387
2024-05-12,133,12,7,19,2,5,0.7526668275320085,-0.6584015846980488,0.6513724827222223,-0.758758122692791,-2.4492935982947064e-16,1.0,0.7485107481711013,-0.663122658240795,0.5877852522924732,-0.8090169943749473,0.49999999999999994,-0.8660254037844387
2024-05-13,134,13,1,20,2,5,0.7412220108485958,-0.6712599575675313,0.48530196253108104,-0.8743466161445821,0.7818314824680298,0.6234898018587336,0.6631226582407952,-0.7485107481711012,0.5877852522924732,-0.8090169943749473,0.49999999999999994,-0.8660254037844387
2024-05-14,135,14,2,20,2,5,0.7295575540864875,-0.6839194216246106,0.29936312297335804,-0.9541392564000488,0.9749279121818236,-0.22252093395631434,0.6631226582407952,-0.7485107481711012,0.5877852522924732,-0.8090169943749473,0.49999999999999994,-0.8660254037844387
2024-05-15,136,15,3,20,3,5,0.717676913675962,-0.6963762255968722,0.10116832198743272,-0.994869323391895,0.43388373911755823,-0.900968867902419,0.6631226582407952,-0.7485107481711012,-0.587785252292473,-0.8090169943749475,0.49999999999999994,-0.8660254037844387
2024-05-16,137,16,4,20,3,5,0.705583610107178,-0.7086266782644596,-0.10116832198743204,-0.9948693233918952,-0.433883739117558,-0.9009688679024191,0.6631226582407952,-0.7485107481711012,-0.587785252292473,-0.8090169943749475,0.49999999999999994,-0.8660254037844387
2024-05-17,138,17,5,20,3,5,0.6932812268869777,-0.7206671495538609,-0.2993631229733582,-0.9541392564000488,-0.9749279121818236,-0.2225209339563146,0.6631226582407952,-0.7485107481711012,-0.587785252292473,-0.8090169943749475,0.49999999999999994,-0.8660254037844387
2024-05-18,139,18,6,20,3,5,0.6807734094770161,-0.7324940716135789,-0.4853019625310808,-0.8743466161445822,-0.7818314824680299,0.6234898018587334,0.6631226582407952,-0.7485107481711012,-0.587785252292473,-0.8090169943749475,0.49999999999999994,-0.8660254037844387
2024-05-19,140,19,7,20,3,5,0.6680638642135335,-0.7441039398713607,-0.651372482722222,-0.7587581226927911,-2.4492935982947064e-16,1.0,0.6631226582407952,-0.7485107481711012,-0.587785252292473,-0.8090169943749475,0.49999999999999994,-0.8660254037844387
2024-05-20,141,20,1,21,3,5,0.6551563572090853,-0.7554933140726803,-0.7907757369376986,-0.6121059825476627,0.7818314824680298,0.6234898018587336,0.5680647467311558,-0.8229838658936564,-0.587785252292473,-0.8090169943749475,0.49999999999999994,-0.8660254037844387
2024-05-21,142,21,2,21,3,5,0.6420547132365637,-0.766658819300159,-0.8978045395707417,-0.44039415155763423,0.9749279121818236,-0.22252093395631434,0.5680647467311558,-0.8229838658936564,-0.587785252292473,-0.8090169943749475,0.49999999999999994,-0.8660254037844387
2024-05-22,143,22,3,21,4,5,0.6287628145958344,-0.7775971469736269,-0.9680771188662041,-0.2506525322587213,0.43388373911755823,-0.900968867902419,0.5680647467311558,-0.8229838658936564,-0.9510565162951536,0.30901699437494723,0.49999999999999994,-0.8660254037844387
2024-05-23,144,23,4,21,4,5,0.6152845999633276,-0.7883050558305255,-0.9987165071710528,-0.05064916883871355,-0.433883739117558,-0.9009688679024191,0.5680647467311558,-0.8229838658936564,-0.9510565162951536,0.30901699437494723,0.49999999999999994,-0.8660254037844387
2024-05-24,145,24,5,21,4,5,0.6016240632249226,-0.7987793728863649,-0.9884683243281114,0.15142777750457667,-0.9749279121818236,-0.2225209339563146,0.5680647467311558,-0.8229838658936564,-0.9510565162951536,0.30901699437494723,0.49999999999999994,-0.8660254037844387
2024-05-25,146,25,6,21,4,5,0.5877852522924732,-0.8090169943749473,-0.9377521321470804,0.3473052528448203,-0.7818314824680299,0.6234898018587334,0.5680647467311558,-0.8229838658936564,-0.9510565162951536,0.30901699437494723,0.49999999999999994,-0.8660254037844387
2024-05-26,147,26,7,21,4,5,0.5737722679043246,-0.8190148866680801,-0.848644257494751,0.5289640103269624,-2.4492935982947064e-16,1.0,0.5680647467311558,-0.8229838658936564,-0.9510565162951536,0.30901699437494723,0.49999999999999994,-0.8660254037844387
2024-05-27,148,27,1,22,4,5,0.5595892624101765,-0.8287700871745038,-0.72479278722912,0.6889669190756865,0.7818314824680298,0.6234898018587336,0.46472317204376906,-0.8854560256532096,-0.9510565162951536,0.30901699437494723,0.49999999999999994,-0.8660254037844387
2024-05-28,149,28,2,22,4,5,0.545240438540651,-0.8382797052177744,-0.5712682150947924,0.8207634412072763,0.9749279121818236,-0.22252093395631434,0.46472317204376906,-0.8854560256532096,-0.9510565162951536,0.30901699437494723,0.49999999999999994,-0.8660254037844387
2024-05-29,150,29,3,22,5,5,0.5307300481619334,-0.8475409228928311,-0.3943558551133187,0.9189578116202306,0.43388373911755823,-0.900968867902419,0.46472317204376906,-0.8854560256532096,-2.4492935982947064e-16,1.0,0.49999999999999994,-0.8660254037844387
2024-05-30,151,30,4,22,5,5,0.5160623910158528,-0.8565509959010036,-0.20129852008866114,0.9795299412524943,-0.433883739117558,-0.9009688679024191,0.46472317204376906,-0.8854560256532096,-2.4492935982947064e-16,1.0,0.49999999999999994,-0.8660254037844387
2024-05-31,152,31,5,22,5,5,0.5012418134457758,-0.865307254363206,-2.4492935982947064e-16,1.0,-0.9749279121818236,-0.2225209339563146,0.46472317204376906,-0.8854560256532096,-2.4492935982947064e-16,1.0,0.49999999999999994,-0.8660254037844387
2024-06-01,153,1,6,22,1,6,0.48627270710869,-0.8738071036110808,0.20129852008866006,0.9795299412524945,-0.7818314824680299,0.6234898018587334,0.46472317204376906,-0.8854560256532096,0.9510565162951535,0.30901699437494745,1.2246467991473532e-16,-1.0
2024-06-02,154,2,7,22,1,6,0.4711595076738638,-0.8820480249558537,0.39435585511331855,0.9189578116202306,-2.4492935982947064e-16,1.0,0.46472317204376906,-0.8854560256532096,0.9510565162951535,0.30901699437494745,1.2246467991473532e-16,-1.0
2024-06-03,155,3,1,23,1,6,0.4559066935084588,-0.8900275764346767,0.5712682150947923,0.8207634412072763,0.7818314824680298,0.6234898018587336,0.35460488704253584,-0.9350162426854147,0.9510565162951535,0.30901699437494745,1.2246467991473532e-16,-1.0
2024-06-04,156,4,2,23,1,6,0.440518784350495,-0.8977433935342337,0.72479278722912,0.6889669190756866,0.9749279121818236,-0.22252093395631434,0.35460488704253584,-0.9350162426854147,0.9510565162951535,0.30901699437494745,1.2246467991473532e-16,-1.0
2024-06-05,157,5,3,23,1,6,0.42500033996955416,-0.9051931898913974,0.8486442574947509,0.5289640103269624,0.43388373911755823,-0.900968867902419,0.35460488704253584,-0.9350162426854147,0.9510565162951535,0.30901699437494745,1.2246467991473532e-16,-1.0
2024-06-06,158,6,4,23,1,6,0.4093559588156213,-0.9123747579707273,0.9377521321470804,0.3473052528448203,-0.433883739117558,-0.9009688679024191,0.35460488704253584,-0.9350162426854147,0.9510565162951535,0.30901699437494745,1.2246467991473532e-16,-1.0
2024-06-07,159,7,5,23,1,6,0.39359027665646673,-0.9192859697186104,0.9884683243281114,0.1514277775045767,-0.9749279121818236,-0.2225209339563146,0.35460488704253584,-0.9350162426854147,0.9510565162951535,0.30901699437494745,1.2246467991473532e-16,-1.0
2024-06-08,160,8,6,23,2,6,0.3777079652039649,-0.9259247771938498,0.9987165071710528,-0.05064916883871264,-0.7818314824680299,0.6234898018587334,0.35460488704253584,-0.9350162426854147,0.5877852522924732,-0.8090169943749473,1.2246467991473532e-16,-1.0
2024-06-09,161,9,7,23,2,6,0.36171373072976765,-0.9322892131745133,0.9680771188662043,-0.2506525322587204,-2.4492935982947064e-16,1.0,0.35460488704253584,-0.9350162426854147,0.5877852522924732,-0.8090169943749473,1.2246467991473532e-16,-1.0
2024-06-10,162,10,1,24,2,6,0.3456123126707335,-0.9383773917408641,0.8978045395707416,-0.4403941515576344,0.7818314824680298,0.6234898018587336,0.23931566428755768,-0.970941817426052,0.5877852522924732,-0.8090169943749473,1.2246467991473532e-16,-1.0
2024-06-11,163,11,2,24,2,6,0.3294084822245304,-0.9441875088341993,0.7907757369376989,-0.6121059825476626,0.9749279121818236,-0.22252093395631434,0.23931566428755768,-0.970941817426052,0.5877852522924732,-0.8090169943749473,1.2246467991473532e-16,-1.0
2024-06-12,164,12,3,24,2,6,0.3131070409358269,-0.9497178427914316,0.6513724827222223,-0.758758122692791,0.43388373911755823,-0.900968867902419,0.23931566428755768,-0.970941817426052,0.5877852522924732,-0.8090169943749473,1.2246467991473532e-16,-1.0
2024-06-13,165,13,4,24,2,6,0.29671281927349075,-0.9549667548552551,0.48530196253108104,-0.8743466161445821,-0.433883739117558,-0.9009688679024191,0.23931566428755768,-0.970941817426052,0.5877852522924732,-0.8090169943749473,1.2246467991473532e-16,-1.0
2024-06-14,166,14,5,24,2,6,0.28023067519921585,-0.9599326896597447,0.29936312297335804,-0.9541392564000488,-0.9749279121818236,-0.2225209339563146,0.23931566428755768,-0.970941817426052,0.5877852522924732,-0.8090169943749473,1.2246467991473532e-16,-1.0
2024-06-15,167,15,6,24,3,6,0.26366549272800704,-0.9646141756912435,0.10116832198743272,-0.994869323391895,-0.7818314824680299,0.6234898018587334,0.23931566428755768,-0.970941817426052,-0.587785252292473,-0.8090169943749475,1.2246467991473532e-16,-1.0
2024-06-16,168,16,7,24,3,6,0.24702218048093552,-0.9690098257244062,-0.10116832198743204,-0.9948693233918952,-2.4492935982947064e-16,1.0,0.23931566428755768,-0.970941817426052,-0.587785252292473,-0.8090169943749475,1.2246467991473532e-16,-1.0
2024-06-17,169,17,1,25,3,6,0.23030567023061221,-0.9731183372332619,-0.2993631229733582,-0.9541392564000488,0.7818314824680298,0.6234898018587336,0.12053668025532308,-0.992708874098054,-0.587785252292473,-0.8090169943749475,1.2246467991473532e-16,-1.0
2024-06-18,170,18,2,25,3,6,0.21352091543979612,-0.9769384927771817,-0.4853019625310808,-0.8743466161445822,0.9749279121818236,-0.22252093395631434,0.12053668025532308,-0.992708874098054,-0.587785252292473,-0.8090169943749475,1.2246467991473532e-16,-1.0
2024-06-19,171,19,3,25,3,6,0.19667288979357647,-0.980469160361632,-0.651372482722222,-0.7587581226927911,0.43388373911755823,-0.900968867902419,0.12053668025532308,-0.992708874098054,-0.587785252292473,-0.8090169943749475,1.2246467991473532e-16,-1.0
2024-06-20,172,20,4,25,3,6,0.1797665857255624,-0.9837092937736097,-0.7907757369376986,-0.6121059825476627,-0.433883739117558,-0.9009688679024191,0.12053668025532308,-0.992708874098054,-0.587785252292473,-0.8090169943749475,1.2246467991473532e-16,-1.0
2024-06-21,173,21,5,25,3,6,0.16280701293851715,-0.986657932891657,-0.8978045395707417,-0.44039415155763423,-0.9749279121818236,-0.2225209339563146,0.12053668025532308,-0.992708874098054,-0.587785252292473,-0.8090169943749475,1.2246467991473532e-16,-1.0
2024-06-22,174,22,6,25,4,6,0.1457991969198751,-0.9893142039703663,-0.9680771188662041,-0.2506525322587213,-0.7818314824680299,0.6234898018587334,0.12053668025532308,-0.992708874098054,-0.9510565162951536,0.30901699437494723,1.2246467991473532e-16,-1.0
2024-06-23,175,23,7,25,4,6,0.12874817745258132,-0.99167731989929,-0.9987165071710528,-0.05064916883871355,-2.4492935982947064e-16,1.0,0.12053668025532308,-0.992708874098054,-0.9510565162951536,0.30901699437494723,1.2246467991473532e-16,-1.0
2024-06-24,176,24,1,26,4,6,0.11165900712169512,-0.993746580436178,-0.9884683243281114,0.15142777750457667,0.7818314824680298,0.6234898018587336,-3.216245299353273e-16,-1.0,-0.9510565162951536,0.30901699437494723,1.2246467991473532e-16,-1.0
2024-06-25,177,25,2,26,4,6,0.09453674981719912,-0.9955213724144752,-0.9377521321470804,0.3473052528448203,0.9749279121818236,-0.22252093395631434,-3.216245299353273e-16,-1.0,-0.9510565162951536,0.30901699437494723,1.2246467991473532e-16,-1.0
2024-06-26,178,26,3,26,4,6,0.07738647923346301,-0.9970011699250151,-0.848644257494751,0.5289640103269624,0.43388373911755823,-0.900968867902419,-3.216245299353273e-16,-1.0,-0.9510565162951536,0.30901699437494723,1.2246467991473532e-16,-1.0
2024-06-27,179,27,4,26,4,6,0.06021327736579302,-0.9981855344718586,-0.72479278722912,0.6889669190756865,-0.433883739117558,-0.9009688679024191,-3.216245299353273e-16,-1.0,-0.9510565162951536,0.30901699437494723,1.2246467991473532e-16,-1.0
2024-06-28,180,28,5,26,4,6,0.04302223300453059,-0.99907411510223,-0.5712682150947924,0.8207634412072763,-0.9749279121818236,-0.2225209339563146,-3.216245299353273e-16,-1.0,-0.9510565162951536,0.30901699437494723,1.2246467991473532e-16,-1.0
2024-06-29,181,29,6,26,5,6,0.02581844022713308,-0.9996666485105112,-0.3943558551133187,0.9189578116202306,-0.7818314824680299,0.6234898018587334,-3.216245299353273e-16,-1.0,-2.4492935982947064e-16,1.0,1.2246467991473532e-16,-1.0
2024-06-30,182,30,7,26,5,6,0.008606996888688698,-0.9999629591162655,-0.20129852008866114,0.9795299412524943,-2.4492935982947064e-16,1.0,-3.216245299353273e-16,-1.0,-2.4492935982947064e-16,1.0,1.2246467991473532e-16,-1.0
2024-07-01,183,1,1,27,1,7,-0.008606996888688009,-0.9999629591162655,0.20129852008866006,0.9795299412524945,0.7818314824680298,0.6234898018587336,-0.12053668025532283,-0.992708874098054,0.9510565162951535,0.30901699437494745,-0.4999999999999997,-0.8660254037844388
2024-07-02,184,2,2,27,1,7,-0.02581844022713239,-0.9996666485105112,0.39435585511331855,0.9189578116202306,0.9749279121818236,-0.22252093395631434,-0.12053668025532283,-0.992708874098054,0.9510565162951535,0.30901699437494745,-0.4999999999999997,-0.8660254037844388
2024-07-03,185,3,3,27,1,7,-0.04302223300453034,-0.99907411510223,0.5712682150947923,0.8207634412072763,0.43388373911755823,-0.900968867902419,-0.12053668025532283,-0.992708874098054,0.9510565162951535,0.30901699437494745,-0.4999999999999997,-0.8660254037844388
2024-07-04,186,4,4,27,1,7,-0.060213277365792774,-0.9981855344718586,0.72479278722912,0.6889669190756866,-0.433883739117558,-0.9009688679024191,-0.12053668025532283,-0.992708874098054,0.9510565162951535,0.30901699437494745,-0.4999999999999997,-0.8660254037844388
2024-07-05,187,5,5,27,1,7,-0.07738647923346322,-0.9970011699250151,0.8486442574947509,0.5289640103269624,-0.9749279121818236,-0.2225209339563146,-0.12053668025532283,-0.992708874098054,0.9510565162951535,0.30901699437494745,-0.4999999999999997,-0.8660254037844388
2024-07-06,188,6,6,27,1,7,-0.09453674981719933,-0.9955213724144752,0.9377521321470804,0.3473052528448203,-0.7818314824680299,0.6234898018587334,-0.12053668025532283,-0.992708874098054,0.9510565162951535,0.30901699437494745,-0.4999999999999997,-0.8660254037844388
2024-07-07,189,7,7,27,1,7,-0.11165900712169444,-0.9937465804361781,0.9884683243281114,0.1514277775045767,-2.4492935982947064e-16,1.0,-0.12053668025532283,-0.992708874098054,0.9510565162951535,0.30901699437494745,-0.4999999999999997,-0.8660254037844388
2024-07-08,190,8,1,28,2,7,-0.12874817745258066,-0.99167731989929,0.9987165071710528,-0.05064916883871264,0.7818314824680298,0.6234898018587336,-0.23931566428755743,-0.9709418174260521,0.5877852522924732,-0.8090169943749473,-0.4999999999999997,-0.8660254037844388
2024-07-09,191,9,2,28,2,7,-0.14579919691987442,-0.9893142039703664,0.9680771188662043,-0.2506525322587204,0.9749279121818236,-0.22252093395631434,-0.23931566428755743,-0.9709418174260521,0.5877852522924732,-0.8090169943749473,-0.4999999999999997,-0.8660254037844388
2024-07-10,192,10,3,28,2,7,-0.16280701293851646,-0.9866579328916572,0.8978045395707416,-0.4403941515576344,0.43388373911755823,-0.900968867902419,-0.23931566428755743,-0.9709418174260521,0.5877852522924732,-0.8090169943749473,-0.4999999999999997,-0.8660254037844388
2024-07-11,193,11,4,28,2,7,-0.17976658572556214,-0.9837092937736098,0.7907757369376989,-0.6121059825476626,-0.433883739117558,-0.9009688679024191,-0.23931566428755743,-0.9709418174260521,0.5877852522924732,-0.8090169943749473,-0.4999999999999997,-0.8660254037844388
2024-07-12,194,12,5,28,2,7,-0.19667288979357622,-0.9804691603616321,0.6513724827222223,-0.758758122692791,-0.9749279121818236,-0.2225209339563146,-0.23931566428755743,-0.9709418174260521,0.5877852522924732,-0.8090169943749473,-0.4999999999999997,-0.8660254037844388
2024-07-13,195,13,6,28,2,7,-0.2135209154397959,-0.9769384927771817,0.48530196253108104,-0.8743466161445821,-0.7818314824680299,0.6234898018587334,-0.23931566428755743,-0.9709418174260521,0.5877852522924732,-0.8090169943749473,-0.4999999999999997,-0.8660254037844388
2024-07-14,196,14,7,28,2,7,-0.23030567023061196,-0.973118337233262,0.29936312297335804,-0.9541392564000488,-2.4492935982947064e-16,1.0,-0.23931566428755743,-0.9709418174260521,0.5877852522924732,-0.8090169943749473,-0.4999999999999997,-0.8660254037844388
2024-07-15,197,15,1,29,3,7,-0.24702218048093527,-0.9690098257244063,0.10116832198743272,-0.994869323391895,0.7818314824680298,0.6234898018587336,-0.3546048870425356,-0.9350162426854148,-0.587785252292473,-0.8090169943749475,-0.4999999999999997,-0.8660254037844388
2024-07-16,198,16,2,29,3,7,-0.2636654927280072,-0.9646141756912435,-0.10116832198743204,-0.9948693233918952,0.9749279121818236,-0.22252093395631434,-0.3546048870425356,-0.9350162426854148,-0.587785252292473,-0.8090169943749475,-0.4999999999999997,-0.8660254037844388
2024-07-17,199,17,3,29,3,7,-0.2802306751992161,-0.9599326896597445,-0.2993631229733582,-0.9541392564000488,0.43388373911755823,-0.900968867902419,-0.3546048870425356,-0.9350162426854148,-0.587785252292473,-0.8090169943749475,-0.4999999999999997,-0.8660254037844388
2024-07-18,200,18,4,29,3,7,-0.2967128192734901,-0.9549667548552553,-0.4853019625310808,-0.8743466161445822,-0.433883739117558,-0.9009688679024191,-0.3546048870425356,-0.9350162426854148,-0.587785252292473,-0.8090169943749475,-0.4999999999999997,-0.8660254037844388
2024-07-19,201,19,5,29,3,7,-0.3131070409358267,-0.9497178427914317,-0.651372482722222,-0.7587581226927911,-0.9749279121818236,-0.2225209339563146,-0.3546048870425356,-0.9350162426854148,-0.587785252292473,-0.8090169943749475,-0.4999999999999997,-0.8660254037844388
2024-07-20,202,20,6,29,3,7,-0.3294084822245302,-0.9441875088341994,-0.7907757369376986,-0.6121059825476627,-0.7818314824680299,0.6234898018587334,-0.3546048870425356,-0.9350162426854148,-0.587785252292473,-0.8090169943749475,-0.4999999999999997,-0.8660254037844388
2024-07-21,203,21,7,29,3,7,-0.3456123126707333,-0.9383773917408642,-0.8978045395707417,-0.44039415155763423,-2.4492935982947064e-16,1.0,-0.3546048870425356,-0.9350162426854148,-0.587785252292473,-0.8090169943749475,-0.4999999999999997,-0.8660254037844388
2024-07-22,204,22,1,30,4,7,-0.3617137307297674,-0.9322892131745134,-0.9680771188662041,-0.2506525322587213,0.7818314824680298,0.6234898018587336,-0.46472317204376806,-0.8854560256532101,-0.9510565162951536,0.30901699437494723,-0.4999999999999997,-0.8660254037844388
2024-07-23,205,23,2,30,4,7,-0.37770796520396466,-0.9259247771938499,-0.9987165071710528,-0.05064916883871355,0.9749279121818236,-0.22252093395631434,-0.46472317204376806,-0.8854560256532101,-0.9510565162951536,0.30901699437494723,-0.4999999999999997,-0.8660254037844388
2024-07-24,206,24,3,30,4,7,-0.39359027665646645,-0.9192859697186105,-0.9884683243281114,0.15142777750457667,0.43388373911755823,-0.900968867902419,-0.46472317204376806,-0.8854560256532101,-0.9510565162951536,0.30901699437494723,-0.4999999999999997,-0.8660254037844388
2024-07-25,207,25,4,30,4,7,-0.4093559588156211,-0.9123747579707274,-0.9377521321470804,0.3473052528448203,-0.433883739117558,-0.9009688679024191,-0.46472317204376806,-0.8854560256532101,-0.9510565162951536,0.30901699437494723,-0.4999999999999997,-0.8660254037844388
2024-07-26,208,26,5,30,4,7,-0.42500033996955394,-0.9051931898913975,-0.848644257494751,0.5289640103269624,-0.9749279121818236,-0.2225209339563146,-0.46472317204376806,-0.8854560256532101,-0.9510565162951536,0.30901699437494723,-0.4999999999999997,-0.8660254037844388
2024-07-27,209,27,6,30,4,7,-0.4405187843504952,-0.8977433935342336,-0.72479278722912,0.6889669190756865,-0.7818314824680299,0.6234898018587334,-0.46472317204376806,-0.8854560256532101,-0.9510565162951536,0.30901699437494723,-0.4999999999999997,-0.8660254037844388
2024-07-28,210,28,7,30,4,7,-0.455906693508459,-0.8900275764346766,-0.5712682150947924,0.8207634412072763,-2.4492935982947064e-16,1.0,-0.46472317204376806,-0.8854560256532101,-0.9510565162951536,0.30901699437494723,-0.4999999999999997,-0.8660254037844388
2024-07-29,211,29,1,31,5,7,-0.47115950767386394,-0.8820480249558535,-0.3943558551133187,0.9189578116202306,0.7818314824680298,0.6234898018587336,-0.5680647467311556,-0.8229838658936566,-2.4492935982947064e-16,1.0,-0.4999999999999997,-0.8660254037844388
2024-07-30,212,30,2,31,5,7,-0.4862727071086902,-0.8738071036110807,-0.20129852008866114,0.9795299412524943,0.9749279121818236,-0.22252093395631434,-0.5680647467311556,-0.8229838658936566,-2.4492935982947064e-16,1.0,-0.4999999999999997,-0.8660254037844388
2024-07-31,213,31,3,31,5,7,-0.5012418134457756,-0.8653072543632061,-2.4492935982947064e-16,1.0,0.43388373911755823,-0.900968867902419,-0.5680647467311556,-0.8229838658936566,-2.4492935982947064e-16,1.0,-0.4999999999999997,-0.8660254037844388
2024-08-01,214,1,4,31,1,8,-0.5160623910158526,-0.8565509959010037,0.20129852008866006,0.9795299412524945,-0.433883739117558,-0.9009688679024191,-0.5680647467311556,-0.8229838658936566,0.9510565162951535,0.30901699437494745,-0.8660254037844385,-0.5000000000000004
2024-08-02,215,2,5,31,1,8,-0.5307300481619331,-0.8475409228928312,0.39435585511331855,0.9189578116202306,-0.9749279121818236,-0.2225209339563146,-0.5680647467311556,-0.8229838658936566,0.9510565162951535,0.30901699437494745,-0.8660254037844385,-0.5000000000000004
2024-08-03,216,3,6,31,1,8,-0.5452404385406507,-0.8382797052177745,0.5712682150947923,0.8207634412072763,-0.7818314824680299,0.6234898018587334,-0.5680647467311556,-0.8229838658936566,0.9510565162951535,0.30901699437494745,-0.8660254037844385,-0.5000000000000004
2024-08-04,217,4,7,31,1,8,-0.5595892624101763,-0.828770087174504,0.72479278722912,0.6889669190756866,-2.4492935982947064e-16,1.0,-0.5680647467311556,-0.8229838658936566,0.9510565162951535,0.30901699437494745,-0.8660254037844385,-0.5000000000000004
2024-08-05,218,5,1,32,1,8,-0.5737722679043243,-0.8190148866680802,0.8486442574947509,0.5289640103269624,0.7818314824680298,0.6234898018587336,-0.663122658240795,-0.7485107481711013,0.9510565162951535,0.30901699437494745,-0.8660254037844385,-0.5000000000000004
2024-08-06,219,6,2,32,1,8,-0.5877852522924734,-0.8090169943749472,0.9377521321470804,0.3473052528448203,0.9749279121818236,-0.22252093395631434,-0.663122658240795,-0.7485107481711013,0.9510565162951535,0.30901699437494745,-0.8660254037844385,-0.5000000000000004
2024-08-07,220,7,3,32,1,8,-0.6016240632249227,-0.7987793728863648,0.9884683243281114,0.1514277775045767,0.43388373911755823,-0.900968867902419,-0.663122658240795,-0.7485107481711013,0.9510565162951535,0.30901699437494745,-0.8660254037844385,-0.5000000000000004
2024-08-08,221,8,4,32,2,8,-0.6152845999633277,-0.7883050558305253,0.9987165071710528,-0.05064916883871264,-0.433883739117558,-0.9009688679024191,-0.663122658240795,-0.7485107481711013,0.5877852522924732,-0.8090169943749473,-0.8660254037844385,-0.5000000000000004
2024-08-09,222,9,5,32,2,8,-0.6287628145958345,-0.7775971469736268,0.9680771188662043,-0.2506525322587204,-0.9749279121818236,-0.2225209339563146,-0.663122658240795,-0.7485107481711013,0.5877852522924732,-0.8090169943749473,-0.8660254037844385,-0.5000000000000004
2024-08-10,223,10,6,32,2,8,-0.6420547132365636,-0.7666588193001592,0.8978045395707416,-0.4403941515576344,-0.7818314824680299,0.6234898018587334,-0.663122658240795,-0.7485107481711013,0.5877852522924732,-0.8090169943749473,-0.8660254037844385,-0.5000000000000004
2024-08-11,224,11,7,32,2,8,-0.655156357209085,-0.7554933140726804,0.7907757369376989,-0.6121059825476626,-2.4492935982947064e-16,1.0,-0.663122658240795,-0.7485107481711013,0.5877852522924732,-0.8090169943749473,-0.8660254037844385,-0.5000000000000004
2024-08-12,225,12,1,33,2,8,-0.6680638642135333,-0.7441039398713608,0.6513724827222223,-0.758758122692791,0.7818314824680298,0.6234898018587336,-0.7485107481711011,-0.6631226582407952,0.5877852522924732,-0.8090169943749473,-0.8660254037844385,-0.5000000000000004
2024-08-13,226,13,2,33,2,8,-0.680773409477016,-0.7324940716135792,0.48530196253108104,-0.8743466161445821,0.9749279121818236,-0.22252093395631434,-0.7485107481711011,-0.6631226582407952,0.5877852522924732,-0.8090169943749473,-0.8660254037844385,-0.5000000000000004
2024-08-14,227,14,3,33,2,8,-0.6932812268869771,-0.7206671495538615,0.29936312297335804,-0.9541392564000488,0.43388373911755823,-0.900968867902419,-0.7485107481711011,-0.6631226582407952,0.5877852522924732,-0.8090169943749473,-0.8660254037844385,-0.5000000000000004
2024-08-15,228,15,4,33,3,8,-0.7055836101071774,-0.70862667826446,0.10116832198743272,-0.994869323391895,-0.433883739117558,-0.9009688679024191,-0.7485107481711011,-0.6631226582407952,-0.587785252292473,-0.8090169943749475,-0.8660254037844385,-0.5000000000000004
2024-08-16,229,16,5,33,3,8,-0.7176769136759615,-0.6963762255968726,-0.10116832198743204,-0.9948693233918952,-0.9749279121818236,-0.2225209339563146,-0.7485107481711011,-0.6631226582407952,-0.587785252292473,-0.8090169943749475,-0.8660254037844385,-0.5000000000000004
2024-08-17,230,17,6,33,3,8,-0.7295575540864876,-0.6839194216246105,-0.2993631229733582,-0.9541392564000488,-0.7818314824680299,0.6234898018587334,-0.7485107481711011,-0.6631226582407952,-0.587785252292473,-0.8090169943749475,-0.8660254037844385,-0.5000000000000004
2024-08-18,231,18,7,33,3,8,-0.7412220108485957,-0.6712599575675315,-0.4853019625310808,-0.8743466161445822,-2.4492935982947064e-16,1.0,-0.7485107481711011,-0.6631226582407952,-0.587785252292473,-0.8090169943749475,-0.8660254037844385,-0.5000000000000004
2024-08-19,232,19,1,34,3,8,-0.7526668275320083,-0.6584015846980489,-0.651372482722222,-0.7587581226927911,0.7818314824680298,0.6234898018587336,-0.8229838658936564,-0.5680647467311559,-0.587785252292473,-0.8090169943749475,-0.8660254037844385,-0.5000000000000004
2024-08-20,233,20,2,34,3,8,-0.7638886127905429,-0.64534811322955,-0.7907757369376986,-0.6121059825476627,0.9749279121818236,-0.22252093395631434,-0.8229838658936564,-0.5680647467311559,-0.587785252292473,-0.8090169943749475,-0.8660254037844385,-0.5000000000000004
2024-08-21,234,21,3,34,3,8,-0.7748840413670406,-0.6321034111873488,-0.8978045395707417,-0.44039415155763423,0.43388373911755823,-0.900968867902419,-0.8229838658936564,-0.5680647467311559,-0.587785252292473,-0.8090169943749475,-0.8660254037844385,-0.5000000000000004
2024-08-22,235,22,4,34,4,8,-0.7856498550787144,-0.6186714032625034,-0.9680771188662041,-0.2506525322587213,-0.433883739117558,-0.9009688679024191,-0.8229838658936564,-0.5680647467311559,-0.9510565162951536,0.30901699437494723,-0.8660254037844385,-0.5000000000000004
2024-08-23,236,23,5,34,4,8,-0.7961828637826154,-0.6050560696488494,-0.9987165071710528,-0.05064916883871355,-0.9749279121818236,-0.2225209339563146,-0.8229838658936564,-0.5680647467311559,-0.9510565162951536,0.30901699437494723,-0.8660254037844385,-0.5000000000000004
2024-08-24,237,24,6,34,4,8,-0.8064799463209447,-0.5912614448635782,-0.9884683243281114,0.15142777750457667,-0.7818314824680299,0.6234898018587334,-0.8229838658936564,-0.5680647467311559,-0.9510565162951536,0.30901699437494723,-0.8660254037844385,-0.5000000000000004
2024-08-25,238,25,7,34,4,8,-0.8165380514459157,-0.5772916165517278,-0.9377521321470804,0.3473052528448203,-2.4492935982947064e-16,1.0,-0.8229838658936564,-0.5680647467311559,-0.9510565162951536,0.30901699437494723,-0.8660254037844385,-0.5000000000000004
2024-08-26,239,26,1,35,4,8,-0.8263541987239094,-0.5631507242749187,-0.848644257494751,0.5289640103269624,0.7818314824680298,0.6234898018587336,-0.8854560256532096,-0.4647231720437691,-0.9510565162951536,0.30901699437494723,-0.8660254037844385,-0.5000000000000004
2024-08-27,240,27,2,35,4,8,-0.8359254794186365,-0.5488429582847199,-0.72479278722912,0.6889669190756865,0.9749279121818236,-0.22252093395631434,-0.8854560256532096,-0.4647231720437691,-0.9510565162951536,0.30901699437494723,-0.8660254037844385,-0.5000000000000004
2024-08-28,241,28,3,35,4,8,-0.8452490573530634,-0.5343725582809785,-0.5712682150947924,0.8207634412072763,0.43388373911755823,-0.900968867902419,-0.8854560256532096,-0.4647231720437691,-0.9510565162951536,0.30901699437494723,-0.8660254037844385,-0.5000000000000004
2024-08-29,242,29,4,35,5,8,-0.8543221697498269,-0.5197438121555157,-0.3943558551133187,0.9189578116202306,-0.433883739117558,-0.9009688679024191,-0.8854560256532096,-0.4647231720437691,-2.4492935982947064e-16,1.0,-0.8660254037844385,-0.5000000000000004
2024-08-30,243,30,5,35,5,8,-0.8631421280499115,-0.5049610547215202,-0.20129852008866114,0.9795299412524943,-0.9749279121818236,-0.2225209339563146,-0.8854560256532096,-0.4647231720437691,-2.4492935982947064e-16,1.0,-0.8660254037844385,-0.5000000000000004
2024-08-31,244,31,6,35,5,8,-0.8717063187093217,-0.4900286664290594,-2.4492935982947064e-16,1.0,-0.7818314824680299,0.6234898018587334,-0.8854560256532096,-0.4647231720437691,-2.4492935982947064e-16,1.0,-0.8660254037844385,-0.5000000000000004
2024-09-01,245,1,7,35,1,9,-0.8800122039735356,-0.4749510720670502,0.20129852008866006,0.9795299412524945,-2.4492935982947064e-16,1.0,-0.8854560256532096,-0.4647231720437691,0.9510565162951535,0.30901699437494745,-1.0,-1.8369701987210297e-16
2024-09-02,246,2,1,36,1,9,-0.888057322629493,-0.4597327394521046,0.39435585511331855,0.9189578116202306,0.7818314824680298,0.6234898018587336,-0.9350162426854147,-0.3546048870425359,0.9510565162951535,0.30901699437494745,-1.0,-1.8369701987210297e-16
2024-09-03,247,3,2,36,1,9,-0.8958392907349089,-0.44437817810461344,0.5712682150947923,0.8207634412072763,0.9749279121818236,-0.22252093395631434,-0.9350162426854147,-0.3546048870425359,0.9510565162951535,0.30901699437494745,-1.0,-1.8369701987210297e-16
2024-09-04,248,4,3,36,1,9,-0.9033558023246842,-0.4288919379124841,0.72479278722912,0.6889669190756866,0.43388373911755823,-0.900968867902419,-0.9350162426854147,-0.3546048870425359,0.9510565162951535,0.30901699437494745,-1.0,-1.8369701987210297e-16
2024-09-05,249,5,4,36,1,9,-0.9106046300942162,-0.41327860778290443,0.8486442574947509,0.5289640103269624,-0.433883739117558,-0.9009688679024191,-0.9350162426854147,-0.3546048870425359,0.9510565162951535,0.30901699437494745,-1.0,-1.8369701987210297e-16
2024-09-06,250,6,5,36,1,9,-0.9175836260593934,-0.3975428142825566,0.9377521321470804,0.3473052528448203,-0.9749279121818236,-0.2225209339563146,-0.9350162426854147,-0.3546048870425359,0.9510565162951535,0.30901699437494745,-1.0,-1.8369701987210297e-16
2024-09-07,251,7,6,36,1,9,-0.9242907221930934,-0.3816892202666586,0.9884683243281114,0.1514277775045767,-0.7818314824680299,0.6234898018587334,-0.9350162426854147,-0.3546048870425359,0.9510565162951535,0.30901699437494745,-1.0,-1.8369701987210297e-16
2024-09-08,252,8,7,36,2,9,-0.9307239310379793,-0.3657225234972692,0.9987165071710528,-0.05064916883871264,-2.4492935982947064e-16,1.0,-0.9350162426854147,-0.3546048870425359,0.5877852522924732,-0.8090169943749473,-1.0,-1.8369701987210297e-16
2024-09-09,253,9,1,37,2,9,-0.9368813462954315,-0.34964745525122826,0.9680771188662043,-0.2506525322587204,0.7818314824680298,0.6234898018587336,-0.970941817426052,-0.23931566428755774,0.5877852522924732,-0.8090169943749473,-1.0,-1.8369701987210297e-16
2024-09-10,254,10,2,37,2,9,-0.9427611433904206,-0.33346877891818705,0.8978045395707416,-0.4403941515576344,0.9749279121818236,-0.22252093395631434,-0.970941817426052,-0.23931566428755774,0.5877852522924732,-0.8090169943749473,-1.0,-1.8369701987210297e-16
2024-09-11,255,11,3,37,2,9,-0.9483615800121716,-0.31719128858910595,0.7907757369376989,-0.6121059825476626,0.43388373911755823,-0.900968867902419,-0.970941817426052,-0.23931566428755774,0.5877852522924732,-0.8090169943749473,-1.0,-1.8369701987210297e-16
2024-09-12,256,12,4,37,2,9,-0.9536809966304455,-0.300819807635668,0.6513724827222223,-0.758758122692791,-0.433883739117558,-0.9009688679024191,-0.970941817426052,-0.23931566428755774,0.5877852522924732,-0.8090169943749473,-1.0,-1.8369701987210297e-16
2024-09-13,257,13,5,37,2,9,-0.9587178169872964,-0.2843591872810036,0.48530196253108104,-0.8743466161445821,-0.9749279121818236,-0.2225209339563146,-0.970941817426052,-0.23931566428755774,0.5877852522924732,-0.8090169943749473,-1.0,-1.8369701987210297e-16
2024-09-14,258,14,6,37,2,9,-0.9634705485641486,-0.26781430516217486,0.29936312297335804,-0.9541392564000488,-0.7818314824680299,0.6234898018587334,-0.970941817426052,-0.23931566428755774,0.5877852522924732,-0.8090169943749473,-1.0,-1.8369701987210297e-16
2024-09-15,259,15,7,37,3,9,-0.9679377830240642,-0.25119006388481957,0.10116832198743272,-0.994869323391895,-2.4492935982947064e-16,1.0,-0.970941817426052,-0.23931566428755774,-0.587785252292473,-0.8090169943749475,-1.0,-1.8369701987210297e-16
2024-09-16,260,16,1,38,3,9,-0.9721181966290612,-0.23449138957041052,-0.10116832198743204,-0.9948693233918952,0.7818314824680298,0.6234898018587336,-0.992708874098054,-0.12053668025532357,-0.587785252292473,-0.8090169943749475,-1.0,-1.8369701987210297e-16
2024-09-17,261,17,2,38,3,9,-0.9760105506323682,-0.21772323039653224,-0.2993631229733582,-0.9541392564000488,0.9749279121818236,-0.22252093395631434,-0.992708874098054,-0.12053668025532357,-0.587785252292473,-0.8090169943749475,-1.0,-1.8369701987210297e-16
2024-09-18,262,18,3,38,3,9,-0.9796136916454901,-0.20089055513063528,-0.4853019625310808,-0.8743466161445822,0.43388373911755823,-0.900968867902419,-0.992708874098054,-0.12053668025532357,-0.587785252292473,-0.8090169943749475,-1.0,-1.8369701987210297e-16
2024-09-19,263,19,4,38,3,9,-0.9829265519799822,-0.18399835165767986,-0.651372482722222,-0.7587581226927911,-0.433883739117558,-0.9009688679024191,-0.992708874098054,-0.12053668025532357,-0.587785252292473,-0.8090169943749475,-1.0,-1.8369701987210297e-16
2024-09-20,264,20,5,38,3,9,-0.9859481499638303,-0.1670516255021195,-0.7907757369376986,-0.6121059825476627,-0.9749279121818236,-0.2225209339563146,-0.992708874098054,-0.12053668025532357,-0.587785252292473,-0.8090169943749475,-1.0,-1.8369701987210297e-16
2024-09-21,265,21,6,38,3,9,-0.9886775902323404,-0.15005539834465262,-0.8978045395707417,-0.44039415155763423,-0.7818314824680299,0.6234898018587334,-0.992708874098054,-0.12053668025532357,-0.587785252292473,-0.8090169943749475,-1.0,-1.8369701987210297e-16
2024-09-22,266,22,7,38,4,9,-0.9911140639934546,-0.13301470653419636,-0.9680771188662041,-0.2506525322587213,-2.4492935982947064e-16,1.0,-0.992708874098054,-0.12053668025532357,-0.9510565162951536,0.30901699437494723,-1.0,-1.8369701987210297e-16
2024-09-23,267,23,1,39,4,9,-0.9932568492674143,-0.11593459959550066,-0.9987165071710528,-0.05064916883871355,0.7818314824680298,0.6234898018587336,-1.0,-1.8369701987210297e-16,-0.9510565162951536,0.30901699437494723,-1.0,-1.8369701987210297e-16
2024-09-24,268,24,2,39,4,9,-0.9951053111006974,-0.09882013873287211,-0.9884683243281114,0.15142777750457667,0.9749279121818236,-0.22252093395631434,-1.0,-1.8369701987210297e-16,-0.9510565162951536,0.30901699437494723,-1.0,-1.8369701987210297e-16
2024-09-25,269,25,3,39,4,9,-0.99665890175417,-0.08167639533042288,-0.9377521321470804,0.3473052528448203,0.43388373911755823,-0.900968867902419,-1.0,-1.8369701987210297e-16,-0.9510565162951536,0.30901699437494723,-1.0,-1.8369701987210297e-16
2024-09-26,270,26,4,39,4,9,-0.9979171608653922,-0.06450844944931625,-0.848644257494751,0.5289640103269624,-0.433883739117558,-0.9009688679024191,-1.0,-1.8369701987210297e-16,-0.9510565162951536,0.30901699437494723,-1.0,-1.8369701987210297e-16
2024-09-27,271,27,5,39,4,9,-0.9988797155850335,-0.04732138832243232,-0.72479278722912,0.6889669190756865,-0.9749279121818236,-0.2225209339563146,-1.0,-1.8369701987210297e-16,-0.9510565162951536,0.30901699437494723,-1.0,-1.8369701987210297e-16
2024-09-28,272,28,6,39,4,9,-0.9995462806873573,-0.03012030484690836,-0.5712682150947924,0.8207634412072763,-0.7818314824680299,0.6234898018587334,-1.0,-1.8369701987210297e-16,-0.9510565162951536,0.30901699437494723,-1.0,-1.8369701987210297e-16
2024-09-29,273,29,7,39,5,9,-0.9999166586547379,-0.012910296075008843,-0.3943558551133187,0.9189578116202306,-2.4492935982947064e-16,1.0,-1.0,-1.8369701987210297e-16,-2.4492935982947064e-16,1.0,-1.0,-1.8369701987210297e-16
2024-09-30,274,30,1,40,5,9,-0.9999907397361901,0.004303538296243821,-0.20129852008866114,0.9795299412524943,0.7818314824680298,0.6234898018587336,-0.992708874098054,0.1205366802553232,-2.4492935982947064e-16,1.0,-1.0,-1.8369701987210297e-16
2024-10-01,275,1,2,40,1,10,-0.9997685019798909,0.021516097436222233,0.20129852008866006,0.9795299412524945,0.9749279121818236,-0.22252093395631434,-0.992708874098054,0.1205366802553232,0.9510565162951535,0.30901699437494745,-0.8660254037844386,0.5000000000000001
2024-10-02,276,2,3,40,1,10,-0.9992500112396835,0.03872228089217399,0.39435585511331855,0.9189578116202306,0.43388373911755823,-0.900968867902419,-0.992708874098054,0.1205366802553232,0.9510565162951535,0.30901699437494745,-0.8660254037844386,0.5000000000000001
2024-10-03,277,3,4,40,1,10,-0.9984354211555643,0.05591699010060302,0.5712682150947923,0.8207634412072763,-0.433883739117558,-0.9009688679024191,-0.992708874098054,0.1205366802553232,0.9510565162951535,0.30901699437494745,-0.8660254037844386,0.5000000000000001
2024-10-04,278,4,5,40,1,10,-0.9973249731081555,0.07309512989807776,0.72479278722912,0.6889669190756866,-0.9749279121818236,-0.2225209339563146,-0.992708874098054,0.1205366802553232,0.9510565162951535,0.30901699437494745,-0.8660254037844386,0.5000000000000001
2024-10-05,279,5,6,40,1,10,-0.9959189961471792,0.0902516100310407,0.8486442574947509,0.5289640103269624,-0.7818314824680299,0.6234898018587334,-0.992708874098054,0.1205366802553232,0.9510565162951535,0.30901699437494745,-0.8660254037844386,0.5000000000000001
2024-10-06,280,6,7,40,1,10,-0.994217906893952,0.10738134666416306,0.9377521321470804,0.3473052528448203,-2.4492935982947064e-16,1.0,-0.992708874098054,0.1205366802553232,0.9510565162951535,0.30901699437494745,-0.8660254037844386,0.5000000000000001
2024-10-07,281,7,1,41,1,10,-0.9922222094179324,0.12447926388678869,0.9884683243281114,0.1514277775045767,0.7818314824680298,0.6234898018587336,-0.9709418174260521,0.23931566428755738,0.9510565162951535,0.30901699437494745,-0.8660254037844386,0.5000000000000001
2024-10-08,282,8,2,41,2,10,-0.989932495087353,0.141540295217043,0.9987165071710528,-0.05064916883871264,0.9749279121818236,-0.22252093395631434,-0.9709418174260521,0.23931566428755738,0.5877852522924732,-0.8090169943749473,-0.8660254037844386,0.5000000000000001
2024-10-09,283,9,3,41,2,10,-0.9873494423939864,0.15855938510313475,0.9680771188662043,-0.2506525322587204,0.43388373911755823,-0.900968867902419,-0.9709418174260521,0.23931566428755738,0.5877852522924732,-0.8090169943749473,-0.8660254037844386,0.5000000000000001
2024-10-10,284,10,4,41,2,10,-0.9844738167520923,0.17553149042142777,0.8978045395707416,-0.4403941515576344,-0.433883739117558,-0.9009688679024191,-0.9709418174260521,0.23931566428755738,0.5877852522924732,-0.8090169943749473,-0.8660254037844386,0.5000000000000001
2024-10-11,285,11,5,41,2,10,-0.9813064702716093,0.19245158197082995,0.7907757369376989,-0.6121059825476626,-0.9749279121818236,-0.2225209339563146,-0.9709418174260521,0.23931566428755738,0.5877852522924732,-0.8090169943749473,-0.8660254037844386,0.5000000000000001
2024-10-12,286,12,6,41,2,10,-0.9778483415056567,0.20931464596304888,0.6513724827222223,-0.758758122692791,-0.7818314824680299,0.6234898018587334,-0.9709418174260521,0.23931566428755738,0.5877852522924732,-0.8090169943749473,-0.8660254037844386,0.5000000000000001
2024-10-13,287,13,7,41,2,10,-0.9741004551724206,0.22611568550828803,0.48530196253108104,-0.8743466161445821,-2.4492935982947064e-16,1.0,-0.9709418174260521,0.23931566428755738,0.5877852522924732,-0.8090169943749473,-0.8660254037844386,0.5000000000000001
2024-10-14,288,14,1,42,2,10,-0.970063921851507,0.2428497220959358,0.29936312297335804,-0.9541392564000488,0.7818314824680298,0.6234898018587336,-0.9350162426854148,0.35460488704253557,0.5877852522924732,-0.8090169943749473,-0.8660254037844386,0.5000000000000001
2024-10-15,289,15,2,42,3,10,-0.965739937654855,0.25951179706979943,0.10116832198743272,-0.994869323391895,0.9749279121818236,-0.22252093395631434,-0.9350162426854148,0.35460488704253557,-0.587785252292473,-0.8090169943749475,-0.8660254037844386,0.5000000000000001
2024-10-16,290,16,3,42,3,10,-0.9611297838723007,0.27609697309746883,-0.10116832198743204,-0.9948693233918952,0.43388373911755823,-0.900968867902419,-0.9350162426854148,0.35460488704253557,-0.587785252292473,-0.8090169943749475,-0.8660254037844386,0.5000000000000001
2024-10-17,291,17,4,42,3,10,-0.9562348265919058,0.2926003356333479,-0.2993631229733582,-0.9541392564000488,-0.433883739117558,-0.9009688679024191,-0.9350162426854148,0.35460488704253557,-0.587785252292473,-0.8090169943749475,-0.8660254037844386,0.5000000000000001
2024-10-18,292,18,5,42,3,10,-0.9510565162951536,0.30901699437494723,-0.4853019625310808,-0.8743466161445822,-0.9749279121818236,-0.2225209339563146,-0.9350162426854148,0.35460488704253557,-0.587785252292473,-0.8090169943749475,-0.8660254037844386,0.5000000000000001
2024-10-19,293,19,6,42,3,10,-0.9455963874271428,0.3253420847119795,-0.651372482722222,-0.7587581226927911,-0.7818314824680299,0.6234898018587334,-0.9350162426854148,0.35460488704253557,-0.587785252292473,-0.8090169943749475,-0.8660254037844386,0.5000000000000001
2024-10-20,294,20,7,42,3,10,-0.9398560579418953,0.341570769167856,-0.7907757369376986,-0.6121059825476627,-2.4492935982947064e-16,1.0,-0.9350162426854148,0.35460488704253557,-0.587785252292473,-0.8090169943749475,-0.8660254037844386,0.5000000000000001
2024-10-21,295,21,1,43,3,10,-0.9338372288229252,0.35769823883312546,-0.8978045395707417,-0.44039415155763423,0.7818314824680298,0.6234898018587336,-0.8854560256532101,0.464723172043768,-0.587785252292473,-0.8090169943749475,-0.8660254037844386,0.5000000000000001
2024-10-22,296,22,2,43,4,10,-0.9275416835791965,0.3737197147904692,-0.9680771188662041,-0.2506525322587213,0.9749279121818236,-0.22252093395631434,-0.8854560256532101,0.464723172043768,-0.9510565162951536,0.30901699437494723,-0.8660254037844386,0.5000000000000001
2024-10-23,297,23,3,43,4,10,-0.9209712877166347,0.38963044953078774,-0.9987165071710528,-0.05064916883871355,0.43388373911755823,-0.900968867902419,-0.8854560256532101,0.464723172043768,-0.9510565162951536,0.30901699437494723,-0.8660254037844386,0.5000000000000001
2024-10-24,298,24,4,43,4,10,-0.9141279881853337,0.4054257283599973,-0.9884683243281114,0.15142777750457667,-0.433883739117558,-0.9009688679024191,-0.8854560256532101,0.464723172043768,-0.9510565162951536,0.30901699437494723,-0.8660254037844386,0.5000000000000001
2024-10-25,299,25,5,43,4,10,-0.9070138128026362,0.42110087079608916,-0.9377521321470804,0.3473052528448203,-0.9749279121818236,-0.2225209339563146,-0.8854560256532101,0.464723172043768,-0.9510565162951536,0.30901699437494723,-0.8660254037844386,0.5000000000000001
2024-10-26,300,26,6,43,4,10,-0.8996308696522434,0.4366512319560638,-0.848644257494751,0.5289640103269624,-0.7818314824680299,0.6234898018587334,-0.8854560256532101,0.464723172043768,-0.9510565162951536,0.30901699437494723,-0.8660254037844386,0.5000000000000001
2024-10-27,301,27,7,43,4,10,-0.8919813464595487,0.45207220393230374,-0.72479278722912,0.6889669190756865,-2.4492935982947064e-16,1.0,-0.8854560256532101,0.464723172043768,-0.9510565162951536,0.30901699437494723,-0.8660254037844386,0.5000000000000001
2024-10-28,302,28,1,44,4,10,-0.8840675099433637,0.46735921715800205,-0.5712682150947924,0.8207634412072763,0.7818314824680298,0.6234898018587336,-0.822983865893657,0.5680647467311548,-0.9510565162951536,0.30901699437494723,-0.8660254037844386,0.5000000000000001
2024-10-29,303,29,2,44,5,10,-0.8758917051442433,0.48250774176121763,-0.3943558551133187,0.9189578116202306,0.9749279121818236,-0.22252093395631434,-0.822983865893657,0.5680647467311548,-2.4492935982947064e-16,1.0,-0.8660254037844386,0.5000000000000001
2024-10-30,304,30,3,44,5,10,-0.8674563547295971,0.4975132889071803,-0.20129852008866114,0.9795299412524943,0.43388373911755823,-0.900968867902419,-0.822983865893657,0.5680647467311548,-2.4492935982947064e-16,1.0,-0.8660254037844386,0.5000000000000001
2024-10-31,305,31,4,44,5,10,-0.858763958275803,0.5123714121284235,-2.4492935982947064e-16,1.0,-0.433883739117558,-0.9009688679024191,-0.822983865893657,0.5680647467311548,-2.4492935982947064e-16,1.0,-0.8660254037844386,0.5000000000000001
